Combustion Inc. Probe Data,,,,,,,,,,,,,,,,,,,,,,
App: iOS Prod app 3.0.0,,,,,,,,,,,,,,,,,,,,,,
CSV version: 4,,,,,,,,,,,,,,,,,,,,,,
Probe S/N: 1000BA3C,,,,,,,,,,,,,,,,,,,,,,
Probe FW version: v2.2.3,,,,,,,,,,,,,,,,,,,,,,
Probe HW revision: v1.1-A1,,,,,,,,,,,,,,,,,,,,,,
Framework: iOS,,,,,,,,,,,,,,,,,,,,,,
Sample Period: 5000,,,,,,,,,,,,,,,,,,,,,,
Created: 2025-10-17 10:35:14,,,,,,,,,,,,,,,,,,,,,,
,,,,,,,,,,,,,,,,,,,,,,
Timestamp,SessionID,SequenceNumber,T1,T2,T3,T4,T5,T6,T7,T8,VirtualCoreTemperature,VirtualSurfaceTemperature,VirtualAmbientTemperature,EstimatedCoreTemperature,PredictionSetPoint,VirtualCoreSensor,VirtualSurfaceSensor,VirtualAmbientSensor,PredictionState,PredictionMode,PredictionType,PredictionValueSeconds
0,1362345282,0,26.1,26.05,25.95,25.85,25.7,25.6,25.1,24.8,26.1,25.6,24.8,26.1,0,T1,T6,T8,Probe Not Inserted,None,None,131071
5,1362345282,1,25.35,25.3,25.25,25.1,25.5,25.45,25.35,25.35,25.35,25.1,25.5,25.7,0,T1,T4,T5,Probe Not Inserted,None,None,131071
10,1362345282,2,24.9,24.75,24.7,24.55,25,25.15,25.45,25.75,24.9,24.55,25.75,25.3,0,T1,T4,T8,Probe Not Inserted,None,None,131071
15,1362345282,3,31.45,30.6,29.9,30.1,26.25,25.75,25.75,26.1,31.45,30.1,26.1,28.3,0,T1,T4,T8,Probe Inserted,None,None,131071
20,1362345282,4,33.35,33,32.6,32.55,29.1,27.95,26.8,26.4,33.35,32.55,26.4,30.8,0,T1,T4,T8,Probe Inserted,None,None,131071
25,1362345282,5,34.15,33.8,33.5,33.5,31.2,29.85,28,26.75,34.15,33.5,26.75,32.5,0,T1,T4,T8,Probe Inserted,None,None,131071
30,1362345282,6,34.7,34.25,34.05,34.05,32.5,31.2,28.95,26.95,34.7,34.05,26.95,33.6,0,T1,T4,T8,Probe Inserted,None,None,131071
35,1362345282,7,35.3,34.7,34.5,34.45,33.55,32.25,29.9,27.4,35.3,34.45,27.4,34.4,0,T1,T4,T8,Probe Inserted,None,None,131071
40,1362345282,8,35.7,35,34.85,34.75,34.15,33,30.75,27.9,35.7,34.75,27.9,35.1,0,T1,T4,T8,Probe Inserted,None,None,131071
45,1362345282,9,36,35.25,35.1,35,34.6,33.6,31.5,28.4,36,35,28.4,35.5,0,T1,T4,T8,Probe Inserted,None,None,131071
50,1362345282,10,36.25,35.45,35.3,35.2,34.9,34.05,32.05,28.8,36.25,35.2,28.8,35.9,0,T1,T4,T8,Probe Inserted,None,None,131071
55,1362345282,11,36.45,35.6,35.5,35.35,35.15,34.45,32.4,29.3,36.45,35.35,29.3,36.2,0,T1,T4,T8,Probe Inserted,None,None,131071
60,1362345282,12,36.65,35.75,35.6,35.45,35.3,34.6,32.75,29.55,36.65,35.45,29.55,36.4,0,T1,T4,T8,Probe Inserted,None,None,131071
65,1362345282,13,36.75,35.9,35.75,35.6,35.4,34.85,33.05,30.05,36.75,35.6,30.05,36.5,0,T1,T4,T8,Probe Inserted,None,None,131071
70,1362345282,14,36.85,36.05,35.8,35.65,35.55,34.95,33.25,30.35,36.85,35.65,30.35,36.7,0,T1,T4,T8,Probe Inserted,None,None,131071
75,1362345282,15,36.95,36.1,35.9,35.75,35.65,35.1,33.45,30.7,36.95,35.75,30.7,36.8,0,T1,T4,T8,Probe Inserted,None,None,131071
80,1362345282,16,37,36.2,36,35.8,35.75,35.15,33.6,31,37,35.8,31,36.9,0,T1,T4,T8,Probe Inserted,None,None,131071
85,1362345282,17,37.05,36.3,36.1,35.9,35.75,35.25,33.7,31.15,37.05,35.9,31.15,37,0,T1,T4,T8,Probe Inserted,None,None,131071
90,1362345282,18,37.15,36.35,36.15,35.95,35.85,35.35,33.85,31.45,37.15,35.95,31.45,37,0,T1,T4,T8,Probe Inserted,None,None,131071
95,1362345282,19,37.2,36.45,36.2,36,35.85,35.4,33.95,31.55,37.2,36,31.55,37.1,0,T1,T4,T8,Probe Inserted,None,None,131071
100,1362345282,20,37.25,36.5,36.25,36.05,35.9,35.5,34.1,31.85,37.25,36.05,31.85,37.2,0,T1,T4,T8,Probe Inserted,None,None,131071
105,1362345282,21,37.3,36.6,36.3,36.1,36,35.5,34.2,32.05,37.3,36.1,32.05,37.2,0,T1,T4,T8,Probe Inserted,None,None,131071
110,1362345282,22,37.35,36.65,36.35,36.1,36.05,35.55,34.25,32.2,37.35,36.1,32.2,37.3,0,T1,T4,T8,Probe Inserted,None,None,131071
115,1362345282,23,37.4,36.7,36.4,36.2,36.1,35.6,34.4,32.45,37.4,36.2,32.45,37.3,0,T1,T4,T8,Probe Inserted,None,None,131071
120,1362345282,24,37.45,36.75,36.45,36.2,36.05,35.65,34.45,32.65,37.45,36.2,32.65,37.4,0,T1,T4,T8,Probe Inserted,None,None,131071
125,1362345282,25,37.5,36.8,36.45,36.25,36.2,35.6,34.55,32.85,37.5,36.25,32.85,37.4,0,T1,T4,T8,Probe Inserted,None,None,131071
130,1362345282,26,37.55,36.8,36.5,36.3,36.1,35.65,34.55,32.95,37.55,36.3,32.95,37.5,0,T1,T4,T8,Probe Inserted,None,None,131071
135,1362345282,27,37.65,36.85,36.6,36.35,36.25,35.75,34.7,33.25,37.65,36.35,33.25,37.5,0,T1,T4,T8,Probe Inserted,None,None,131071
140,1362345282,28,37.7,36.9,36.6,36.35,36.25,35.75,34.7,33.45,37.7,36.35,33.45,37.6,0,T1,T4,T8,Probe Inserted,None,None,131071
145,1362345282,29,37.8,36.95,36.6,36.4,36.25,35.85,34.85,33.7,37.8,36.4,33.7,37.7,0,T1,T4,T8,Probe Inserted,None,None,131071
150,1362345282,30,37.85,37,36.65,36.4,36.3,35.9,34.95,33.85,37.85,36.4,33.85,37.8,0,T1,T4,T8,Probe Inserted,None,None,131071
155,1362345282,31,37.95,37,36.7,36.45,36.3,35.85,34.95,34,37.95,36.45,34,37.8,0,T1,T4,T8,Probe Inserted,None,None,131071
160,1362345282,32,38.05,37.05,36.75,36.5,36.3,35.9,35.05,34.2,38.05,36.5,34.2,37.9,0,T1,T4,T8,Probe Inserted,None,None,131071
165,1362345282,33,38.2,37.1,36.75,36.5,36.35,35.95,35.15,34.5,38.2,36.5,34.5,38.1,0,T1,T4,T8,Probe Inserted,None,None,131071
170,1362345282,34,38.35,37.15,36.8,36.5,36.45,36,35.25,34.7,38.35,36.5,34.7,38.2,0,T1,T4,T8,Probe Inserted,None,None,131071
175,1362345282,35,38.55,37.2,36.85,36.55,36.4,36.05,35.3,34.95,38.55,36.55,34.95,38.4,0,T1,T4,T8,Probe Inserted,None,None,131071
180,1362345282,36,38.75,37.25,36.85,36.6,36.45,36.05,35.4,35.15,38.75,36.6,35.15,38.5,0,T1,T4,T8,Probe Inserted,None,None,131071
185,1362345282,37,39,37.25,36.9,36.65,36.45,36.1,35.45,35.35,39,36.65,35.35,38.7,0,T1,T4,T8,Probe Inserted,None,None,131071
190,1362345282,38,39.25,37.35,36.95,36.65,36.5,36.15,35.6,35.6,39.25,36.65,35.6,39,0,T1,T4,T8,Probe Inserted,None,None,131071
195,1362345282,39,39.55,37.35,37,36.7,36.55,36.2,35.65,35.85,39.55,36.7,35.85,39.3,0,T1,T4,T8,Probe Inserted,None,None,131071
200,1362345282,40,39.85,37.4,37,36.75,36.55,36.2,35.75,36.05,39.85,36.75,36.05,39.5,0,T1,T4,T8,Probe Inserted,None,None,131071
205,1362345282,41,40.2,37.5,37.05,36.75,36.55,36.2,35.85,36.3,40.2,36.75,36.3,39.9,0,T1,T4,T8,Probe Inserted,None,None,131071
210,1362345282,42,40.6,37.55,37.1,36.8,36.55,36.25,35.95,36.45,40.6,36.8,36.45,40.2,0,T1,T4,T8,Probe Inserted,None,None,131071
215,1362345282,43,41,37.6,37.1,36.8,36.65,36.35,36.05,36.7,41,36.8,36.7,40.6,0,T1,T4,T8,Probe Inserted,None,None,131071
220,1362345282,44,41.45,37.65,37.2,36.85,36.7,36.4,36.15,36.95,41.45,36.85,36.95,41,0,T1,T4,T8,Probe Inserted,None,None,131071
225,1362345282,45,41.9,37.7,37.2,36.85,36.7,36.45,36.25,37.2,41.9,36.85,37.2,41.4,0,T1,T4,T8,Probe Inserted,None,None,131071
230,1362345282,46,42.35,37.8,37.25,36.95,36.75,36.45,36.3,37.4,42.35,36.95,37.4,41.9,0,T1,T4,T8,Probe Inserted,None,None,131071
235,1362345282,47,42.9,37.9,37.3,36.9,36.75,36.5,36.4,37.6,42.9,36.9,37.6,42.4,0,T1,T4,T8,Probe Inserted,None,None,131071
240,1362345282,48,43.4,38,37.35,36.95,36.75,36.5,36.55,37.75,43.4,36.95,37.75,42.9,0,T1,T4,T8,Probe Inserted,None,None,131071
245,1362345282,49,44,38.05,37.4,37,36.8,36.55,36.55,38,44,37,38,43.4,0,T1,T4,T8,Probe Inserted,None,None,131071
250,1362345282,50,44.55,38.2,37.45,37.05,36.85,36.6,36.65,38.15,44.55,37.05,38.15,44,0,T1,T4,T8,Probe Inserted,None,None,131071
255,1362345282,51,45.1,38.3,37.55,37.1,36.95,36.7,36.75,38.45,45.1,37.1,38.45,44.5,0,T1,T4,T8,Probe Inserted,None,None,131071
260,1362345282,52,45.7,38.4,37.55,37.1,36.95,36.75,36.85,38.6,45.7,37.1,38.6,45.1,0,T1,T4,T8,Probe Inserted,None,None,131071
265,1362345282,53,46.3,38.55,37.6,37.15,36.9,36.7,36.95,38.75,46.3,37.15,38.75,45.7,0,T1,T4,T8,Probe Inserted,None,None,131071
270,1362345282,54,46.95,38.7,37.7,37.2,36.95,36.8,37.05,38.9,46.95,37.2,38.9,46.3,0,T1,T4,T8,Probe Inserted,None,None,131071
275,1362345282,55,47.6,38.8,37.75,37.25,37.1,36.85,37.1,39.1,47.6,37.25,39.1,46.9,0,T1,T4,T8,Probe Inserted,None,None,131071
280,1362345282,56,48.2,38.95,37.8,37.3,37.05,36.8,37.2,39.25,48.2,37.3,39.25,47.6,0,T1,T4,T8,Probe Inserted,None,None,131071
285,1362345282,57,48.85,39.15,37.9,37.3,37.05,36.85,37.25,39.3,48.85,37.3,39.3,48.2,0,T1,T4,T8,Probe Inserted,None,None,131071
290,1362345282,58,49.45,39.35,37.95,37.35,37.15,36.95,37.35,39.5,49.45,37.35,39.5,48.8,0,T1,T4,T8,Probe Inserted,None,None,131071
295,1362345282,59,50.15,39.5,38.05,37.45,37.15,37,37.35,39.65,50.15,37.45,39.65,49.5,0,T1,T4,T8,Probe Inserted,None,None,131071
300,1362345282,60,50.85,39.7,38.15,37.45,37.15,37,37.45,39.75,50.85,37.45,39.75,50.2,0,T1,T4,T8,Probe Inserted,None,None,131071
305,1362345282,61,51.7,39.95,38.25,37.5,37.2,37.05,37.5,39.85,51.7,37.5,39.85,50.9,0,T1,T4,T8,Probe Inserted,None,None,131071
310,1362345282,62,52.5,40.15,38.35,37.55,37.3,37.1,37.55,40,52.5,37.55,40,51.7,0,T1,T4,T8,Probe Inserted,None,None,131071
315,1362345282,63,53.2,40.4,38.45,37.6,37.3,37.05,37.6,40.1,53.2,37.6,40.1,52.4,0,T1,T4,T8,Probe Inserted,None,None,131071
320,1362345282,64,53.75,40.65,38.55,37.65,37.3,37.15,37.7,40.2,53.75,37.65,40.2,53.1,0,T1,T4,T8,Probe Inserted,None,None,131071
325,1362345282,65,54.3,40.9,38.65,37.7,37.3,37.2,37.8,40.35,54.3,37.7,40.35,53.7,0,T1,T4,T8,Probe Inserted,None,None,131071
330,1362345282,66,54.7,41.15,38.75,37.75,37.4,37.2,37.85,40.5,54.7,37.75,40.5,54.2,0,T1,T4,T8,Probe Inserted,None,None,131071
335,1362345282,67,55.1,41.4,38.85,37.8,37.5,37.25,37.9,40.65,55.1,37.8,40.65,54.6,0,T1,T4,T8,Probe Inserted,None,None,131071
340,1362345282,68,55.45,41.6,38.95,37.9,37.45,37.3,37.95,40.7,55.45,37.9,40.7,55,0,T1,T4,T8,Probe Inserted,None,None,131071
345,1362345282,69,55.8,41.8,39.05,37.95,37.5,37.3,38.05,40.85,55.8,37.95,40.85,55.4,0,T1,T4,T8,Probe Inserted,None,None,131071
350,1362345282,70,56.1,42.05,39.15,37.95,37.5,37.3,38.05,40.95,56.1,37.95,40.95,55.8,0,T1,T4,T8,Probe Inserted,None,None,131071
355,1362345282,71,56.45,42.3,39.25,38,37.55,37.4,38.15,41.1,56.45,38,41.1,56.1,0,T1,T4,T8,Probe Inserted,None,None,131071
360,1362345282,72,56.75,42.5,39.35,38.05,37.65,37.4,38.2,41.2,56.75,38.05,41.2,56.4,0,T1,T4,T8,Probe Inserted,None,None,131071
365,1362345282,73,57,42.75,39.5,38.1,37.6,37.45,38.25,41.3,57,38.1,41.3,56.7,0,T1,T4,T8,Probe Inserted,None,None,131071
370,1362345282,74,57.35,42.95,39.6,38.2,37.7,37.5,38.3,41.4,57.35,38.2,41.4,57,0,T1,T4,T8,Probe Inserted,None,None,131071
375,1362345282,75,57.65,43.2,39.7,38.25,37.7,37.55,38.35,41.5,57.65,38.25,41.5,57.3,0,T1,T4,T8,Probe Inserted,None,None,131071
380,1362345282,76,57.95,43.45,39.8,38.3,37.7,37.55,38.4,41.55,57.95,38.3,41.55,57.6,0,T1,T4,T8,Probe Inserted,None,None,131071
385,1362345282,77,58.3,43.65,39.95,38.35,37.8,37.65,38.55,41.7,58.3,38.35,41.7,58,0,T1,T4,T8,Probe Inserted,None,None,131071
390,1362345282,78,58.6,43.9,40.05,38.45,37.85,37.6,38.55,41.8,58.6,38.45,41.8,58.3,0,T1,T4,T8,Probe Inserted,None,None,131071
395,1362345282,79,58.9,44.1,40.15,38.5,37.8,37.65,38.5,41.85,58.9,38.5,41.85,58.6,0,T1,T4,T8,Probe Inserted,None,None,131071
400,1362345282,80,59.25,44.35,40.25,38.55,37.85,37.65,38.65,42.1,59.25,38.55,42.1,58.9,0,T1,T4,T8,Probe Inserted,None,None,131071
405,1362345282,81,59.55,44.55,40.4,38.6,37.95,37.7,38.75,42.2,59.55,38.6,42.2,59.2,0,T1,T4,T8,Probe Inserted,None,None,131071
410,1362345282,82,59.85,44.75,40.5,38.7,38,37.75,38.8,42.35,59.85,38.7,42.35,59.5,0,T1,T4,T8,Probe Inserted,None,None,131071
415,1362345282,83,60.15,45,40.65,38.75,37.95,37.8,38.85,42.5,60.15,38.75,42.5,59.8,0,T1,T4,T8,Probe Inserted,None,None,131071
420,1362345282,84,60.45,45.15,40.75,38.8,38,37.8,38.85,42.6,60.45,38.8,42.6,60.1,0,T1,T4,T8,Probe Inserted,None,None,131071
425,1362345282,85,60.75,45.35,40.85,38.85,38.05,37.85,39,42.75,60.75,38.85,42.75,60.4,0,T1,T4,T8,Probe Inserted,None,None,131071
430,1362345282,86,61.05,45.65,41,38.9,38,37.85,39,42.85,61.05,38.9,42.85,60.7,0,T1,T4,T8,Probe Inserted,None,None,131071
435,1362345282,87,61.35,45.85,41.1,39,38.15,37.95,39.15,43.1,61.35,39,43.1,61,0,T1,T4,T8,Probe Inserted,None,None,131071
440,1362345282,88,61.65,46.05,41.25,39.05,38.2,37.95,39.15,43.25,61.65,39.05,43.25,61.3,0,T1,T4,T8,Probe Inserted,None,None,131071
445,1362345282,89,61.95,46.3,41.35,39.15,38.2,38,39.3,43.5,61.95,39.15,43.5,61.6,0,T1,T4,T8,Probe Inserted,None,None,131071
450,1362345282,90,62.3,46.5,41.5,39.2,38.15,37.95,39.25,43.6,62.3,39.2,43.6,62,0,T1,T4,T8,Probe Inserted,None,None,131071
455,1362345282,91,62.65,46.75,41.65,39.3,38.25,38.05,39.4,43.75,62.65,39.3,43.75,62.3,0,T1,T4,T8,Probe Inserted,None,None,131071
460,1362345282,92,63,47.05,41.8,39.35,38.2,38.05,39.45,43.95,63,39.35,43.95,62.6,0,T1,T4,T8,Probe Inserted,None,None,131071
465,1362345282,93,63.4,47.3,41.95,39.45,38.4,38.15,39.55,44.15,63.4,39.45,44.15,63,0,T1,T4,T8,Probe Inserted,None,None,131071
470,1362345282,94,63.75,47.6,42.1,39.55,38.35,38.15,39.6,44.25,63.75,39.55,44.25,63.4,0,T1,T4,T8,Probe Inserted,None,None,131071
475,1362345282,95,64.2,47.85,42.3,39.65,38.5,38.25,39.75,44.55,64.2,39.65,44.55,63.8,0,T1,T4,T8,Probe Inserted,None,None,131071
480,1362345282,96,64.7,48.25,42.5,39.75,38.5,38.3,39.8,44.65,64.7,39.75,44.65,64.2,0,T1,T4,T8,Probe Inserted,None,None,131071
485,1362345282,97,65.2,48.6,42.7,39.85,38.55,38.3,39.85,44.75,65.2,39.85,44.75,64.7,0,T1,T4,T8,Probe Inserted,None,None,131071
490,1362345282,98,65.65,48.95,42.9,40,38.6,38.35,39.9,45,65.65,40,45,65.2,0,T1,T4,T8,Probe Inserted,None,None,131071
495,1362345282,99,66.1,49.25,43.1,40.05,38.7,38.4,40,45.2,66.1,40.05,45.2,65.6,0,T1,T4,T8,Probe Inserted,None,None,131071
500,1362345282,100,66.55,49.55,43.25,40.15,38.7,38.35,40.05,45.4,66.55,40.15,45.4,66.1,0,T1,T4,T8,Probe Inserted,None,None,131071
505,1362345282,101,67,49.8,43.45,40.25,38.8,38.5,40.2,45.65,67,40.25,45.65,66.5,0,T1,T4,T8,Probe Inserted,None,None,131071
510,1362345282,102,67.35,50.1,43.6,40.35,38.8,38.5,40.3,45.85,67.35,40.35,45.85,66.9,0,T1,T4,T8,Probe Inserted,None,None,131071
515,1362345282,103,67.75,50.35,43.75,40.4,38.85,38.55,40.4,46.15,67.75,40.4,46.15,67.3,0,T1,T4,T8,Probe Inserted,None,None,131071
520,1362345282,104,68.1,50.6,43.9,40.5,38.9,38.6,40.55,46.3,68.1,40.5,46.3,67.7,0,T1,T4,T8,Probe Inserted,None,None,131071
525,1362345282,105,68.45,50.8,44.05,40.6,38.9,38.7,40.6,46.55,68.45,40.6,46.55,68,0,T1,T4,T8,Probe Inserted,None,None,131071
530,1362345282,106,68.75,51.05,44.2,40.7,38.95,38.75,40.75,46.9,68.75,40.7,46.9,68.4,0,T1,T4,T8,Probe Inserted,None,None,131071
535,1362345282,107,69.1,51.25,44.3,40.75,39,38.7,40.85,47.1,69.1,40.75,47.1,68.7,0,T1,T4,T8,Probe Inserted,None,None,131071
540,1362345282,108,69.5,51.45,44.45,40.85,39.1,38.8,41,47.4,69.5,40.85,47.4,69.1,0,T1,T4,T8,Probe Inserted,None,None,131071
545,1362345282,109,69.95,51.65,44.55,40.9,39.1,38.8,41.1,47.7,69.95,40.9,47.7,69.5,0,T1,T4,T8,Probe Inserted,None,None,131071
550,1362345282,110,70.4,51.85,44.65,41,39.2,38.9,41.25,48.05,70.4,41,48.05,70,0,T1,T4,T8,Probe Inserted,None,None,131071
555,1362345282,111,70.95,52.05,44.8,41.05,39.25,39.05,41.4,48.4,70.95,41.05,48.4,70.4,0,T1,T4,T8,Probe Inserted,None,None,131071
560,1362345282,112,71.5,52.25,44.9,41.1,39.3,39.05,41.55,48.7,71.5,41.1,48.7,71,0,T1,T4,T8,Probe Inserted,None,None,131071
565,1362345282,113,72.05,52.5,45.05,41.2,39.25,39.1,41.6,48.9,72.05,41.2,48.9,71.5,0,T1,T4,T8,Probe Inserted,None,None,131071
570,1362345282,114,72.6,52.7,45.2,41.25,39.25,39.1,41.75,49.25,72.6,41.25,49.25,72,0,T1,T4,T8,Probe Inserted,None,None,131071
575,1362345282,115,73.15,52.95,45.3,41.3,39.4,39.2,41.95,49.6,73.15,41.3,49.6,72.6,0,T1,T4,T8,Probe Inserted,None,None,131071
580,1362345282,116,73.7,53.2,45.4,41.35,39.45,39.25,42.15,49.9,73.7,41.35,49.9,73.1,0,T1,T4,T8,Probe Inserted,None,None,131071
585,1362345282,117,74.25,53.45,45.5,41.45,39.5,39.35,42.25,50.25,74.25,41.45,50.25,73.7,0,T1,T4,T8,Probe Inserted,None,None,131071
590,1362345282,118,74.75,53.7,45.65,41.5,39.45,39.4,42.4,50.5,74.75,41.5,50.5,74.2,0,T1,T4,T8,Probe Inserted,None,None,131071
595,1362345282,119,75.25,53.95,45.8,41.55,39.55,39.5,42.6,50.85,75.25,41.55,50.85,74.7,0,T1,T4,T8,Probe Inserted,None,None,131071
600,1362345282,120,75.7,54.2,45.95,41.65,39.6,39.55,42.7,51.2,75.7,41.65,51.2,75.2,0,T1,T4,T8,Probe Inserted,None,None,131071
605,1362345282,121,76.1,54.45,46.05,41.7,39.65,39.6,42.9,51.55,76.1,41.7,51.55,75.6,0,T1,T4,T8,Probe Inserted,None,None,131071
610,1362345282,122,76.55,54.75,46.2,41.75,39.7,39.65,43,51.9,76.55,41.75,51.9,76.1,0,T1,T4,T8,Probe Inserted,None,None,131071
615,1362345282,123,76.85,55,46.3,41.8,39.7,39.7,43.15,52.2,76.85,41.8,52.2,76.5,0,T1,T4,T8,Probe Inserted,None,None,131071
620,1362345282,124,77.2,55.25,46.45,41.9,39.75,39.85,43.4,52.55,77.2,41.9,52.55,76.8,0,T1,T4,T8,Probe Inserted,None,None,131071
625,1362345282,125,77.55,55.5,46.6,41.95,39.75,39.85,43.5,52.85,77.55,41.95,52.85,77.2,0,T1,T4,T8,Probe Inserted,None,None,131071
630,1362345282,126,77.85,55.8,46.7,42,39.85,39.9,43.7,53.25,77.85,42,53.25,77.5,0,T1,T4,T8,Probe Inserted,None,None,131071
635,1362345282,127,78.15,56.05,46.85,42.1,39.95,40.05,43.85,53.6,78.15,42.1,53.6,77.8,0,T1,T4,T8,Probe Inserted,None,None,131071
640,1362345282,128,78.45,56.3,47,42.15,40.05,40.1,44.05,54,78.45,42.15,54,78.1,0,T1,T4,T8,Probe Inserted,None,None,131071
645,1362345282,129,78.7,56.55,47.1,42.25,40,40.2,44.25,54.3,78.7,42.25,54.3,78.4,0,T1,T4,T8,Probe Inserted,None,None,131071
650,1362345282,130,78.95,56.85,47.3,42.3,40.1,40.3,44.45,54.75,78.95,42.3,54.75,78.6,0,T1,T4,T8,Probe Inserted,None,None,131071
655,1362345282,131,79.2,57.1,47.45,42.4,40.15,40.35,44.65,55.1,79.2,42.4,55.1,78.9,0,T1,T4,T8,Cooking,None,None,131071
660,1362345282,132,79.4,57.35,47.55,42.5,40.2,40.45,44.85,55.45,79.4,42.5,55.45,79.1,0,T1,T4,T8,Cooking,None,None,131071
665,1362345282,133,79.6,57.6,47.75,42.55,40.25,40.55,45.05,55.85,79.6,42.55,55.85,79.4,0,T1,T4,T8,Cooking,None,None,131071
670,1362345282,134,79.8,57.85,47.9,42.65,40.25,40.5,45.1,56.1,79.8,42.65,56.1,79.6,0,T1,T4,T8,Cooking,None,None,131071
675,1362345282,135,80,58.1,48.05,42.7,40.4,40.65,45.35,56.5,80,42.7,56.5,79.8,0,T1,T4,T8,Cooking,None,None,131071
680,1362345282,136,80.2,58.35,48.2,42.8,40.4,40.75,45.6,56.9,80.2,42.8,56.9,80,0,T1,T4,T8,Cooking,None,None,131071
685,1362345282,137,80.4,58.6,48.35,42.9,40.45,40.8,45.75,57.3,80.4,42.9,57.3,80.2,0,T1,T4,T8,Cooking,None,None,131071
690,1362345282,138,80.6,58.85,48.5,43,40.55,40.95,46,57.65,80.6,43,57.65,80.4,0,T1,T4,T8,Cooking,None,None,131071
695,1362345282,139,80.75,59.1,48.7,43.05,40.6,41.05,46.15,58,80.75,43.05,58,80.5,0,T1,T4,T8,Cooking,None,None,131071
700,1362345282,140,80.9,59.35,48.85,43.15,40.65,41.15,46.35,58.35,80.9,43.15,58.35,80.7,0,T1,T4,T8,Cooking,None,None,131071
705,1362345282,141,81.1,59.55,49,43.25,40.7,41.25,46.55,58.65,81.1,43.25,58.65,80.9,0,T1,T4,T8,Cooking,None,None,131071
710,1362345282,142,81.25,59.85,49.2,43.35,40.75,41.3,46.8,59.15,81.25,43.35,59.15,81.1,0,T1,T4,T8,Cooking,None,None,131071
715,1362345282,143,81.45,60.1,49.35,43.45,40.9,41.45,47,59.5,81.45,43.45,59.5,81.2,0,T1,T4,T8,Cooking,None,None,131071
720,1362345282,144,81.65,60.35,49.55,43.6,40.9,41.5,47.2,59.8,81.65,43.6,59.8,81.4,0,T1,T4,T8,Cooking,None,None,131071
725,1362345282,145,81.8,60.6,49.75,43.7,40.95,41.6,47.45,60.2,81.8,43.7,60.2,81.6,0,T1,T4,T8,Cooking,None,None,131071
730,1362345282,146,81.9,60.85,49.9,43.8,41.1,41.75,47.65,60.6,81.9,43.8,60.6,81.7,0,T1,T4,T8,Cooking,None,None,131071
735,1362345282,147,82.05,61.1,50.1,43.9,41.15,41.8,47.85,61,82.05,43.9,61,81.9,0,T1,T4,T8,Cooking,None,None,131071
740,1362345282,148,82.25,61.35,50.3,44,41.15,41.85,48.05,61.35,82.25,44,61.35,82,0,T1,T4,T8,Cooking,None,None,131071
745,1362345282,149,82.4,61.6,50.45,44.1,41.25,42,48.3,61.75,82.4,44.1,61.75,82.2,0,T1,T4,T8,Cooking,None,None,131071
750,1362345282,150,82.6,61.85,50.65,44.25,41.3,42.15,48.5,62,82.6,44.25,62,82.4,0,T1,T4,T8,Cooking,None,None,131071
755,1362345282,151,82.8,62.1,50.9,44.35,41.45,42.35,48.8,62.5,82.8,44.35,62.5,82.6,0,T1,T4,T8,Cooking,None,None,131071
760,1362345282,152,82.95,62.35,51.05,44.5,41.5,42.4,49,62.85,82.95,44.5,62.85,82.7,0,T1,T4,T8,Cooking,None,None,131071
765,1362345282,153,83.1,62.65,51.25,44.6,41.65,42.6,49.3,63.35,83.1,44.6,63.35,82.9,0,T1,T4,T8,Cooking,None,None,131071
770,1362345282,154,83.25,62.9,51.5,44.75,41.75,42.65,49.45,63.6,83.25,44.75,63.6,83.1,0,T1,T4,T8,Cooking,None,None,131071
775,1362345282,155,83.4,63.2,51.7,44.9,41.7,42.7,49.65,63.9,83.4,44.9,63.9,83.2,0,T1,T4,T8,Cooking,None,None,131071
780,1362345282,156,83.5,63.4,51.9,45,41.9,42.9,50,64.3,83.5,45,64.3,83.4,0,T1,T4,T8,Cooking,None,None,131071
785,1362345282,157,83.65,63.7,52.1,45.15,41.95,43.05,50.2,64.7,83.65,45.15,64.7,83.5,0,T1,T4,T8,Cooking,None,None,131071
790,1362345282,158,83.75,63.95,52.35,45.3,42.1,43.2,50.5,65.1,83.75,45.3,65.1,83.6,0,T1,T4,T8,Cooking,None,None,131071
795,1362345282,159,83.85,64.2,52.6,45.45,42.1,43.3,50.7,65.45,83.85,45.45,65.45,83.7,0,T1,T4,T8,Cooking,None,None,131071
800,1362345282,160,84,64.45,52.8,45.6,42.25,43.4,50.95,65.7,84,45.6,65.7,83.9,0,T1,T4,T8,Cooking,None,None,131071
805,1362345282,161,84.1,64.7,53.05,45.8,42.3,43.6,51.25,66.25,84.1,45.8,66.25,84,0,T1,T4,T8,Cooking,None,None,131071
810,1362345282,162,84.25,65,53.3,45.95,42.45,43.75,51.55,66.6,84.25,45.95,66.6,84.1,0,T1,T4,T8,Cooking,None,None,131071
815,1362345282,163,84.4,65.25,53.55,46.15,42.6,43.95,51.8,67.05,84.4,46.15,67.05,84.2,0,T1,T4,T8,Cooking,None,None,131071
820,1362345282,164,84.5,65.5,53.8,46.3,42.75,44.1,52.05,67.35,84.5,46.3,67.35,84.3,0,T1,T4,T8,Cooking,None,None,131071
825,1362345282,165,84.6,65.8,54.05,46.5,42.85,44.25,52.45,67.9,84.6,46.5,67.9,84.5,0,T1,T4,T8,Cooking,None,None,131071
830,1362345282,166,84.7,66.05,54.3,46.65,43,44.4,52.7,68.25,84.7,46.65,68.25,84.6,0,T1,T4,T8,Cooking,None,None,131071
835,1362345282,167,84.85,66.3,54.55,46.85,43.05,44.6,52.95,68.55,84.85,46.85,68.55,84.7,0,T1,T4,T8,Cooking,None,None,131071
840,1362345282,168,84.95,66.55,54.8,47,43.25,44.75,53.2,68.9,84.95,47,68.9,84.8,0,T1,T4,T8,Cooking,None,None,131071
845,1362345282,169,85.05,66.85,55.05,47.2,43.3,44.9,53.4,69.15,85.05,47.2,69.15,84.9,0,T1,T4,T8,Cooking,None,None,131071
850,1362345282,170,85.15,67.1,55.3,47.4,43.5,45.1,53.75,69.6,85.15,47.4,69.6,85,0,T1,T4,T8,Cooking,None,None,131071
855,1362345282,171,85.25,67.35,55.55,47.6,43.6,45.25,54.05,70.05,85.25,47.6,70.05,85.1,0,T1,T4,T8,Cooking,None,None,131071
860,1362345282,172,85.4,67.6,55.8,47.8,43.75,45.4,54.4,70.3,85.4,47.8,70.3,85.2,0,T1,T4,T8,Cooking,None,None,131071
865,1362345282,173,85.5,67.85,56.05,48,44,45.7,54.75,70.85,85.5,48,70.85,85.4,0,T1,T4,T8,Cooking,None,None,131071
870,1362345282,174,85.6,68.1,56.3,48.25,44,45.85,54.9,71.05,85.6,48.25,71.05,85.5,0,T1,T4,T8,Cooking,None,None,131071
875,1362345282,175,85.7,68.35,56.6,48.45,44.25,46.1,55.35,71.6,85.7,48.45,71.6,85.6,0,T1,T4,T8,Cooking,None,None,131071
880,1362345282,176,85.85,68.6,56.85,48.65,44.4,46.35,55.65,71.9,85.85,48.65,71.9,85.7,0,T1,T4,T8,Cooking,None,None,131071
885,1362345282,177,85.95,68.9,57.15,48.85,44.55,46.5,55.95,72.3,85.95,48.85,72.3,85.8,0,T1,T4,T8,Cooking,None,None,131071
890,1362345282,178,86.05,69.15,57.4,49.1,44.7,46.75,56.25,72.5,86.05,49.1,72.5,85.9,0,T1,T4,T8,Cooking,None,None,131071
895,1362345282,179,86.2,69.4,57.7,49.35,44.95,47,56.7,73,86.2,49.35,73,86,0,T1,T4,T8,Cooking,None,None,131071
900,1362345282,180,86.3,69.65,58,49.6,45.05,47.15,56.9,73.2,86.3,49.6,73.2,86.2,0,T1,T4,T8,Cooking,None,None,131071
905,1362345282,181,86.4,69.95,58.35,49.85,45.3,47.4,57.3,73.75,86.4,49.85,73.75,86.3,0,T1,T4,T8,Cooking,None,None,131071
910,1362345282,182,86.5,70.25,58.65,50.15,45.5,47.65,57.55,73.95,86.5,50.15,73.95,86.4,0,T1,T4,T8,Cooking,None,None,131071
915,1362345282,183,86.65,70.55,58.95,50.4,45.7,48,58.05,74.45,86.65,50.4,74.45,86.5,0,T1,T4,T8,Cooking,None,None,131071
920,1362345282,184,86.75,70.8,59.3,50.7,45.9,48.15,58.3,74.65,86.75,50.7,74.65,86.6,0,T1,T4,T8,Cooking,None,None,131071
925,1362345282,185,86.9,71.1,59.6,51,46.1,48.45,58.7,75.05,86.9,51,75.05,86.7,0,T1,T4,T8,Cooking,None,None,131071
930,1362345282,186,87,71.35,59.95,51.3,46.3,48.75,59,75.35,87,51.3,75.35,86.9,0,T1,T4,T8,Cooking,None,None,131071
935,1362345282,187,87.1,71.65,60.3,51.6,46.6,49,59.45,75.8,87.1,51.6,75.8,87,0,T1,T4,T8,Cooking,None,None,131071
940,1362345282,188,87.25,71.95,60.65,51.9,46.75,49.25,59.75,76,87.25,51.9,76,87.1,0,T1,T4,T8,Cooking,None,None,131071
945,1362345282,189,87.35,72.25,61,52.25,47.1,49.55,60.15,76.25,87.35,52.25,76.25,87.2,0,T1,T4,T8,Cooking,None,None,131071
950,1362345282,190,87.5,72.5,61.35,52.6,47.35,49.9,60.5,76.6,47.35,52.6,76.6,67.3,0,T5,T4,T8,Cooking,None,None,131071
955,1362345282,191,87.6,72.85,61.7,52.9,47.6,50.15,60.95,77,47.6,52.9,77,57.4,0,T5,T4,T8,Cooking,None,None,131071
960,1362345282,192,87.7,73.15,62.05,53.25,47.85,50.55,61.3,77.25,47.85,50.55,77.25,52.6,0,T5,T6,T8,Cooking,None,None,131071
965,1362345282,193,87.85,73.45,62.4,53.6,48.2,50.85,61.7,77.65,48.2,50.85,77.65,50.4,0,T5,T6,T8,Cooking,None,None,131071
970,1362345282,194,87.95,73.75,62.8,54,48.4,51.15,62,77.9,48.4,51.15,77.9,49.4,0,T5,T6,T8,Cooking,None,None,131071
975,1362345282,195,88.05,74.05,63.2,54.35,48.7,51.6,62.45,78.3,48.7,51.6,78.3,49,0,T5,T6,T8,Cooking,None,None,131071
980,1362345282,196,88.15,74.35,63.55,54.7,49,51.9,62.9,78.6,49,51.9,78.6,49,0,T5,T6,T8,Cooking,None,None,131071
985,1362345282,197,88.3,74.65,63.95,55.15,49.4,52.25,63.3,78.9,49.4,52.25,78.9,49.2,0,T5,T6,T8,Cooking,None,None,131071
990,1362345282,198,88.4,75,64.35,55.5,49.7,52.65,63.7,79.2,49.7,52.65,79.2,49.4,0,T5,T6,T8,Cooking,None,None,131071
995,1362345282,199,88.5,75.3,64.75,55.95,50.05,53,64.1,79.55,50.05,53,79.55,49.7,0,T5,T6,T8,Cooking,None,None,131071
1000,1362345282,200,88.65,75.6,65.2,56.35,50.45,53.4,64.55,79.8,50.45,53.4,79.8,50.1,0,T5,T6,T8,Cooking,None,None,131071
1005,1362345282,201,88.8,75.9,65.6,56.8,50.7,53.75,64.85,80,50.7,53.75,80,50.4,0,T5,T6,T8,Cooking,None,None,131071
1010,1362345282,202,88.9,76.25,66,57.25,51.15,54.2,65.25,80.4,51.15,54.2,80.4,50.7,0,T5,T6,T8,Cooking,None,None,131071
1015,1362345282,203,89.05,76.55,66.45,57.75,51.55,54.6,65.7,80.65,51.55,54.6,80.65,51.1,0,T5,T6,T8,Cooking,None,None,131071
1020,1362345282,204,89.15,76.85,66.85,58.15,51.95,55.1,66.2,81,51.95,55.1,81,51.5,0,T5,T6,T8,Cooking,None,None,131071
1025,1362345282,205,89.3,77.15,67.25,58.6,52.35,55.55,66.65,81.3,52.35,55.55,81.3,51.9,0,T5,T6,T8,Cooking,None,None,131071
1030,1362345282,206,89.45,77.5,67.7,59.1,52.75,55.9,67,81.55,52.75,55.9,81.55,52.3,0,T5,T6,T8,Cooking,None,None,131071
1035,1362345282,207,89.55,77.8,68.15,59.55,53.15,56.4,67.4,81.8,53.15,56.4,81.8,52.7,0,T5,T6,T8,Cooking,None,None,131071
1040,1362345282,208,89.65,78.1,68.55,60,53.6,56.85,67.8,82.1,53.6,56.85,82.1,53.2,0,T5,T6,T8,Cooking,None,None,131071
1045,1362345282,209,89.8,78.4,69,60.5,54.05,57.4,68.3,82.35,54.05,57.4,82.35,53.6,0,T5,T6,T8,Cooking,None,None,131071
1050,1362345282,210,89.9,78.7,69.4,61,54.55,57.9,68.85,82.7,54.55,57.9,82.7,54.1,0,T5,T6,T8,Cooking,None,None,131071
1055,1362345282,211,90,79,69.85,61.5,55.05,58.4,69.3,82.95,55.05,58.4,82.95,54.5,0,T5,T6,T8,Cooking,None,None,131071
1060,1362345282,212,90.15,79.3,70.3,62,55.5,58.95,69.8,83.3,55.5,58.95,83.3,55,0,T5,T6,T8,Cooking,None,None,131071
1065,1362345282,213,90.25,79.6,70.75,62.5,56,59.4,70.15,83.45,56,59.4,83.45,55.5,0,T5,T6,T8,Cooking,None,None,131071
1070,1362345282,214,90.35,79.9,71.2,63,56.55,60.05,70.7,83.8,56.55,60.05,83.8,56,0,T5,T6,T8,Cooking,None,None,131071
1075,1362345282,215,90.45,80.2,71.6,63.55,57.1,60.55,71.15,84.05,57.1,60.55,84.05,56.5,0,T5,T6,T8,Cooking,None,None,131071
1080,1362345282,216,90.6,80.5,72.05,64.05,57.7,61.15,71.65,84.35,57.7,61.15,84.35,57.1,0,T5,T6,T8,Cooking,None,None,131071
1085,1362345282,217,90.65,80.8,72.5,64.6,58.25,61.7,72.1,84.6,58.25,61.7,84.6,57.7,0,T5,T6,T8,Cooking,None,None,131071
1090,1362345282,218,90.8,81.1,72.95,65.15,58.8,62.3,72.6,84.8,58.8,62.3,84.8,58.2,0,T5,T6,T8,Cooking,None,None,131071
1095,1362345282,219,90.9,81.4,73.35,65.7,59.4,62.9,73.05,85.05,59.4,62.9,85.05,58.8,0,T5,T6,T8,Cooking,None,None,131071
1100,1362345282,220,91,81.7,73.85,66.3,60.1,63.45,73.5,85.25,60.1,63.45,85.25,59.4,0,T5,T6,T8,Cooking,None,None,131071
1105,1362345282,221,91.1,82,74.3,66.85,60.7,64.15,73.95,85.55,60.7,64.15,85.55,60,0,T5,T6,T8,Cooking,None,None,131071
1110,1362345282,222,91.25,82.3,74.75,67.45,61.35,64.75,74.45,85.7,61.35,64.75,85.7,60.7,0,T5,T6,T8,Cooking,None,None,131071
1115,1362345282,223,91.35,82.55,75.2,68.05,62,65.4,74.8,85.9,62,65.4,85.9,61.3,0,T5,T6,T8,Cooking,None,None,131071
1120,1362345282,224,91.5,82.85,75.65,68.65,62.5,65.85,75.15,86,62.5,65.85,86,61.9,0,T5,T6,T8,Cooking,None,None,131071
1125,1362345282,225,91.6,83.1,76.1,69.25,63.35,66.6,75.8,86.35,63.35,66.6,86.35,62.6,0,T5,T6,T8,Cooking,None,None,131071
1130,1362345282,226,91.7,83.45,76.55,69.9,63.95,67.15,76.15,86.5,63.95,67.15,86.5,63.3,0,T5,T6,T8,Cooking,None,None,131071
1135,1362345282,227,91.85,83.75,77.05,70.5,64.75,67.95,76.55,86.85,64.75,67.95,86.85,64,0,T5,T6,T8,Cooking,None,None,131071
1140,1362345282,228,91.95,84,77.5,71.15,65.35,68.55,76.95,86.95,65.35,68.55,86.95,64.7,0,T5,T6,T8,Cooking,None,None,131071
1145,1362345282,229,92.05,84.3,78,71.8,66.3,69.45,77.6,87.4,66.3,69.45,87.4,65.5,0,T5,T6,T8,Cooking,None,None,131071
1150,1362345282,230,92.2,84.6,78.45,72.45,67,70,78,87.45,67,70,87.45,66.2,0,T5,T6,T8,Cooking,None,None,131071
1155,1362345282,231,92.3,84.9,78.9,73.1,67.75,70.75,78.5,87.75,67.75,70.75,87.75,67,0,T5,T6,T8,Cooking,None,None,131071
1160,1362345282,232,92.4,85.2,79.4,73.75,68.55,71.45,79,88,68.55,71.45,88,67.7,0,T5,T6,T8,Cooking,None,None,131071
1165,1362345282,233,92.5,85.45,79.85,74.45,69.3,72.15,79.45,88.2,69.3,72.15,88.2,68.5,0,T5,T6,T8,Cooking,None,None,131071
1170,1362345282,234,92.6,85.75,80.35,75.1,70.15,73,80,88.45,70.15,73,88.45,69.3,0,T5,T6,T8,Cooking,None,None,131071
1175,1362345282,235,92.7,86.1,80.85,75.8,70.95,73.75,80.45,88.65,70.95,73.75,88.65,70.1,0,T5,T6,T8,Cooking,None,None,131071
1180,1362345282,236,92.85,86.35,81.3,76.5,71.8,74.45,80.95,88.85,71.8,74.45,88.85,71,0,T5,T6,T8,Cooking,None,None,131071
1185,1362345282,237,92.95,86.65,81.75,77.2,72.7,75.25,81.4,89.05,72.7,75.25,89.05,71.8,0,T5,T6,T8,Cooking,None,None,131071
1190,1362345282,238,93.05,86.95,82.25,77.9,73.55,76,81.9,89.35,73.55,76,89.35,72.7,0,T5,T6,T8,Cooking,None,None,131071
1195,1362345282,239,93.15,87.2,82.75,78.6,74.5,76.65,82.5,89.65,74.5,76.65,89.65,73.6,0,T5,T6,T8,Cooking,None,None,131071
1200,1362345282,240,93.3,87.55,83.2,79.3,75.3,77.3,82.8,89.8,75.3,77.3,89.8,74.4,0,T5,T6,T8,Cooking,None,None,131071
1205,1362345282,241,93.4,87.8,83.7,80,76.2,78.1,83.35,89.95,76.2,78.1,89.95,75.3,0,T5,T6,T8,Cooking,None,None,131071
1210,1362345282,242,93.5,88.1,84.2,80.7,77.05,78.95,83.9,90.35,77.05,78.95,90.35,76.2,0,T5,T6,T8,Cooking,None,None,131071
1215,1362345282,243,93.6,88.4,84.65,81.35,77.8,79.65,84.25,90.4,77.8,79.65,90.4,77,0,T5,T6,T8,Cooking,None,None,131071
1220,1362345282,244,93.75,88.7,85.1,82.05,78.7,80.25,84.7,90.45,78.7,80.25,90.45,77.8,0,T5,T6,T8,Cooking,None,None,131071
1225,1362345282,245,93.9,89,85.6,82.7,79.55,81.1,85.25,90.8,79.55,81.1,90.8,78.7,0,T5,T6,T8,Cooking,None,None,131071
1230,1362345282,246,94,89.3,86.05,83.35,80.4,81.8,85.65,91.05,80.4,81.8,91.05,79.5,0,T5,T6,T8,Cooking,None,None,131071
1235,1362345282,247,94.1,89.55,86.5,83.95,81.4,82.6,86.25,91.45,81.4,82.6,91.45,80.4,0,T5,T6,T8,Cooking,None,None,131071
1240,1362345282,248,94.25,89.85,86.95,84.6,81.95,83.05,86.45,91.35,81.95,83.05,91.35,81.2,0,T5,T6,T8,Cooking,None,None,131071
1245,1362345282,249,94.35,90.1,87.35,85.2,82.85,83.95,87.1,91.8,82.85,83.95,91.8,82,0,T5,T6,T8,Cooking,None,None,131071
1250,1362345282,250,94.5,90.4,87.8,85.75,83.5,84.45,87.4,91.85,83.5,84.45,91.85,82.7,0,T5,T6,T8,Cooking,None,None,131071
1255,1362345282,251,94.6,90.7,88.2,86.3,84.2,85.05,87.8,92.1,84.2,85.05,92.1,83.4,0,T5,T6,T8,Cooking,None,None,131071
1260,1362345282,252,94.7,90.95,88.6,86.85,84.85,85.75,88.25,92.3,84.85,85.75,92.3,84.1,0,T5,T6,T8,Cooking,None,None,131071
1265,1362345282,253,94.85,91.25,89,87.35,85.45,86.2,88.6,92.45,85.45,86.2,92.45,84.8,0,T5,T6,T8,Cooking,None,None,131071
1270,1362345282,254,94.95,91.5,89.35,87.85,86.15,86.9,89.2,92.8,86.15,86.9,92.8,85.5,0,T5,T6,T8,Cooking,None,None,131071
1275,1362345282,255,95.1,91.75,89.75,88.35,86.65,87.25,89.4,92.95,86.65,87.25,92.95,86,0,T5,T6,T8,Cooking,None,None,131071
1280,1362345282,256,95.2,92,90.1,88.8,87.2,87.8,89.75,93.1,87.2,87.8,93.1,86.6,0,T5,T6,T8,Cooking,None,None,131071
1285,1362345282,257,95.3,92.25,90.4,89.2,87.7,88.2,90.05,93.3,87.7,88.2,93.3,87.1,0,T5,T6,T8,Cooking,None,None,131071
1290,1362345282,258,95.4,92.45,90.75,89.6,88.2,88.65,90.4,93.45,88.2,88.65,93.45,87.6,0,T5,T6,T8,Cooking,None,None,131071
1295,1362345282,259,95.55,92.7,91.1,90.05,88.65,89.15,90.75,93.7,88.65,89.15,93.7,88.1,0,T5,T6,T8,Cooking,None,None,131071
1300,1362345282,260,95.65,92.9,91.4,90.4,89.1,89.6,91.1,93.85,89.1,89.6,93.85,88.6,0,T5,T6,T8,Cooking,None,None,131071
1305,1362345282,261,95.75,93.15,91.7,90.75,89.55,89.9,91.35,94,89.55,89.9,94,89.1,0,T5,T6,T8,Cooking,None,None,131071
1310,1362345282,262,95.85,93.35,92,91.1,89.9,90.35,91.65,94.1,89.9,90.35,94.1,89.5,0,T5,T6,T8,Cooking,None,None,131071
1315,1362345282,263,96,93.55,92.3,91.45,90.45,90.85,92.1,94.55,90.45,90.85,94.55,90,0,T5,T6,T8,Cooking,None,None,131071
1320,1362345282,264,96.1,93.75,92.55,91.75,90.65,91,92.1,94.5,90.65,91,94.5,90.3,0,T5,T6,T8,Cooking,None,None,131071
1325,1362345282,265,96.2,93.95,92.75,92.05,91.15,91.5,92.6,94.85,91.15,91.5,94.85,90.7,0,T5,T6,T8,Cooking,None,None,131071
1330,1362345282,266,96.3,94.15,93,92.35,91.35,91.65,92.75,94.9,91.35,91.65,94.9,91,0,T5,T6,T8,Cooking,None,None,131071
1335,1362345282,267,96.4,94.35,93.25,92.6,91.8,92.15,93.05,95.2,91.8,92.15,95.2,91.4,0,T5,T6,T8,Cooking,None,None,131071
1340,1362345282,268,96.5,94.5,93.45,92.85,91.95,92.15,93.15,95.15,91.95,92.15,95.15,91.6,0,T5,T6,T8,Cooking,None,None,131071
1345,1362345282,269,96.6,94.7,93.7,93.1,92.35,92.65,93.6,95.55,92.35,92.65,95.55,92,0,T5,T6,T8,Cooking,None,None,131071
1350,1362345282,270,96.7,94.85,93.9,93.35,92.45,92.75,93.6,95.5,92.45,92.75,95.5,92.2,0,T5,T6,T8,Cooking,None,None,131071
1355,1362345282,271,96.8,95,94.1,93.55,92.9,93.15,93.9,95.75,92.9,93.15,95.75,92.5,0,T5,T6,T8,Cooking,None,None,131071
1360,1362345282,272,96.9,95.15,94.25,93.75,92.9,93.1,93.95,95.7,92.9,93.1,95.7,92.7,0,T5,T6,T8,Cooking,None,None,131071
1365,1362345282,273,97,95.35,94.45,93.95,93.15,93.4,94.15,95.85,93.15,93.4,95.85,92.9,0,T5,T6,T8,Cooking,None,None,131071
1370,1362345282,274,97.1,95.45,94.65,94.15,93.55,93.75,94.55,96.15,93.55,93.75,96.15,93.2,0,T5,T6,T8,Cooking,None,None,131071
1375,1362345282,275,97.15,95.6,94.8,94.3,93.75,93.95,94.65,96.3,93.75,93.95,96.3,93.5,0,T5,T6,T8,Cooking,None,None,131071
1380,1362345282,276,97.25,95.7,94.95,94.5,93.85,94,94.7,96.25,93.85,94,96.25,93.6,0,T5,T6,T8,Cooking,None,None,131071
1385,1362345282,277,97.3,95.85,95.1,94.65,94.1,94.35,94.95,96.5,94.1,94.35,96.5,93.8,0,T5,T6,T8,Cooking,None,None,131071
1390,1362345282,278,97.35,95.95,95.25,94.8,94.15,94.3,94.95,96.4,94.15,94.3,96.4,94,0,T5,T6,T8,Cooking,None,None,131071
1395,1362345282,279,97.45,96.05,95.4,94.95,94.3,94.55,95.1,96.55,94.3,94.55,96.55,94.1,0,T5,T6,T8,Cooking,None,None,131071
1400,1362345282,280,97.5,96.2,95.5,95.1,94.45,94.65,95.2,96.6,94.45,94.65,96.6,94.3,0,T5,T6,T8,Cooking,None,None,131071
1405,1362345282,281,97.6,96.25,95.6,95.25,94.6,94.8,95.35,96.8,94.6,94.8,96.8,94.4,0,T5,T6,T8,Cooking,None,None,131071
1410,1362345282,282,97.65,96.35,95.75,95.35,94.85,95.1,95.65,97,97.65,95.1,97,96,0,T1,T6,T8,Cooking,None,None,131071
1415,1362345282,283,97.7,96.5,95.85,95.5,95,95.2,95.8,97.1,97.7,95.2,97.1,96.9,0,T1,T6,T8,Cooking,None,None,131071
1420,1362345282,284,97.8,96.55,95.95,95.6,95,95.15,95.7,97,97.8,95.15,97,97.3,0,T1,T6,T8,Cooking,None,None,131071
1425,1362345282,285,97.85,96.65,96.05,95.7,95.25,95.45,95.95,97.2,97.85,95.45,97.2,97.6,0,T1,T6,T8,Cooking,None,None,131071
1430,1362345282,286,97.9,96.75,96.15,95.8,95.4,95.55,96.15,97.35,97.9,95.55,97.35,97.7,0,T1,T6,T8,Cooking,None,None,131071
1435,1362345282,287,97.95,96.8,96.25,95.9,95.3,95.45,96,97.2,97.95,95.45,97.2,97.8,0,T1,T6,T8,Cooking,None,None,131071
1440,1362345282,288,98,96.85,96.35,96,95.65,95.8,96.35,97.5,98,95.8,97.5,97.9,0,T1,T6,T8,Cooking,None,None,131071
1445,1362345282,289,98.05,96.95,96.4,96.1,95.55,95.7,96.15,97.4,98.05,95.7,97.4,98,0,T1,T6,T8,Cooking,None,None,131071
1450,1362345282,290,98.05,97.05,96.5,96.2,95.65,95.8,96.25,97.45,98.05,95.8,97.45,98,0,T1,T6,T8,Cooking,None,None,131071
1455,1362345282,291,98.1,97.1,96.55,96.3,95.75,95.9,96.35,97.5,98.1,95.9,97.5,98,0,T1,T6,T8,Cooking,None,None,131071
1460,1362345282,292,98.15,97.15,96.6,96.35,96,96.2,96.65,97.8,98.15,96.2,97.8,98.1,0,T1,T6,T8,Cooking,None,None,131071
1465,1362345282,293,98.2,97.2,96.7,96.4,95.85,96,96.45,97.55,98.2,96,97.55,98.1,0,T1,T6,T8,Cooking,None,None,131071
1470,1362345282,294,98.25,97.25,96.75,96.5,96.1,96.3,96.8,97.85,98.25,96.3,97.85,98.2,0,T1,T6,T8,Cooking,None,None,131071
1475,1362345282,295,98.3,97.35,96.85,96.55,96,96.15,96.65,97.75,98.3,96.15,97.75,98.2,0,T1,T6,T8,Cooking,None,None,131071
1480,1362345282,296,98.3,97.4,96.9,96.65,96.3,96.5,96.85,97.9,98.3,96.5,97.9,98.3,0,T1,T6,T8,Cooking,None,None,131071
1485,1362345282,297,98.35,97.45,97,96.7,96.35,96.55,97,98.05,98.35,96.55,98.05,98.3,0,T1,T6,T8,Cooking,None,None,131071
1490,1362345282,298,98.35,97.45,97,96.75,96.15,96.35,96.8,97.9,98.35,96.35,97.9,98.3,0,T1,T6,T8,Cooking,None,None,131071
1495,1362345282,299,98.4,97.5,97.05,96.8,96.45,96.65,97,98.1,98.4,96.65,98.1,98.3,0,T1,T6,T8,Cooking,None,None,131071
1500,1362345282,300,98.45,97.55,97.1,96.85,96.35,96.5,96.9,97.9,98.45,96.5,97.9,98.4,0,T1,T6,T8,Cooking,None,None,131071
1505,1362345282,301,98.45,97.6,97.15,96.9,96.3,96.65,96.95,97.95,98.45,96.65,97.95,98.4,0,T1,T6,T8,Cooking,None,None,131071
1510,1362345282,302,98.5,97.65,97.2,96.95,96.45,96.6,97.05,98.05,98.5,96.6,98.05,98.4,0,T1,T6,T8,Cooking,None,None,131071
1515,1362345282,303,98.5,97.7,97.25,97,96.5,96.75,97.1,98.1,98.5,96.75,98.1,98.4,0,T1,T6,T8,Cooking,None,None,131071
1520,1362345282,304,98.5,97.7,97.3,97.1,96.7,96.9,97.3,98.25,98.5,96.9,98.25,98.5,0,T1,T6,T8,Cooking,None,None,131071
1525,1362345282,305,98.5,97.75,97.35,97.1,96.55,96.85,97.1,98.1,98.5,96.85,98.1,98.5,0,T1,T6,T8,Cooking,None,None,131071
1530,1362345282,306,98.55,97.75,97.35,97.15,96.6,96.85,97.15,98.15,98.55,96.85,98.15,98.5,0,T1,T6,T8,Cooking,None,None,131071
1535,1362345282,307,98.55,97.8,97.4,97.2,96.7,96.9,97.25,98.2,98.55,96.9,98.2,98.5,0,T1,T6,T8,Cooking,None,None,131071
1540,1362345282,308,98.55,97.85,97.45,97.25,96.95,97.1,97.5,98.4,98.55,97.1,98.4,98.5,0,T1,T6,T8,Cooking,None,None,131071
1545,1362345282,309,98.6,97.85,97.5,97.25,96.75,96.95,97.35,98.2,98.6,96.95,98.2,98.5,0,T1,T6,T8,Cooking,None,None,131071
1550,1362345282,310,98.6,97.9,97.5,97.3,96.8,97,97.35,98.2,98.6,97,98.2,98.6,0,T1,T6,T8,Cooking,None,None,131071
1555,1362345282,311,98.6,97.95,97.55,97.35,96.85,97,97.4,98.2,98.6,97,98.2,98.6,0,T1,T6,T8,Cooking,None,None,131071
1560,1362345282,312,98.6,97.95,97.55,97.35,96.85,97.05,97.45,98.25,98.6,97.05,98.25,98.6,0,T1,T6,T8,Cooking,None,None,131071
1565,1362345282,313,98.65,98,97.6,97.4,96.9,97.1,97.5,98.3,98.65,97.1,98.3,98.6,0,T1,T6,T8,Cooking,None,None,131071
1570,1362345282,314,98.65,98,97.6,97.45,97.15,97.35,97.6,98.5,98.65,97.35,98.5,98.6,0,T1,T6,T8,Cooking,None,None,131071
1575,1362345282,315,98.65,98.05,97.65,97.5,97.15,97.35,97.65,98.5,98.65,97.35,98.5,98.6,0,T1,T6,T8,Cooking,None,None,131071
1580,1362345282,316,98.65,98.05,97.7,97.5,97.15,97.4,97.65,98.6,98.65,97.4,98.6,98.6,0,T1,T6,T8,Cooking,None,None,131071
1585,1362345282,317,98.65,98.05,97.7,97.5,97.1,97.2,97.55,98.35,98.65,97.2,98.35,98.6,0,T1,T6,T8,Cooking,None,None,131071
1590,1362345282,318,98.65,98.1,97.75,97.55,97.1,97.25,97.55,98.3,98.65,97.25,98.3,98.6,0,T1,T6,T8,Cooking,None,None,131071
1595,1362345282,319,98.65,98.1,97.8,97.6,97.3,97.45,97.8,98.55,98.65,97.45,98.55,98.6,0,T1,T6,T8,Cooking,None,None,131071
1600,1362345282,320,98.65,98.15,97.8,97.6,97.1,97.25,97.6,98.3,98.65,97.25,98.3,98.6,0,T1,T6,T8,Cooking,None,None,131071
1605,1362345282,321,98.65,98.15,97.8,97.65,97.1,97.3,97.6,98.35,98.65,97.3,98.35,98.6,0,T1,T6,T8,Cooking,None,None,131071
1610,1362345282,322,98.65,98.15,97.85,97.65,97.3,97.5,97.8,98.6,98.65,97.5,98.6,98.6,0,T1,T6,T8,Cooking,None,None,131071
1615,1362345282,323,98.65,98.2,97.85,97.7,97.35,97.55,97.8,98.6,98.65,97.55,98.6,98.6,0,T1,T6,T8,Cooking,None,None,131071
1620,1362345282,324,98.65,98.2,97.9,97.7,97.35,97.55,97.8,98.55,98.65,97.55,98.55,98.6,0,T1,T6,T8,Cooking,None,None,131071
1625,1362345282,325,98.65,98.2,97.9,97.75,97.5,97.6,97.9,98.6,98.65,97.6,98.6,98.6,0,T1,T6,T8,Cooking,None,None,131071
1630,1362345282,326,98.65,98.25,97.9,97.75,97.25,97.45,97.7,98.3,98.65,97.45,98.3,98.6,0,T1,T6,T8,Cooking,None,None,131071
1635,1362345282,327,98.65,98.25,97.95,97.8,97.3,97.45,97.8,98.3,98.65,97.45,98.3,98.6,0,T1,T6,T8,Cooking,None,None,131071
1640,1362345282,328,98.6,98.25,97.95,97.8,97.3,97.45,97.7,98.25,98.6,97.45,98.25,98.6,0,T1,T6,T8,Cooking,None,None,131071
1645,1362345282,329,98.6,98.25,97.95,97.8,97.5,97.65,97.9,98.45,98.6,97.65,98.45,98.6,0,T1,T6,T8,Cooking,None,None,131071
1650,1362345282,330,98.6,98.3,98,97.85,97.35,97.55,97.75,98.15,98.6,97.55,98.15,98.6,0,T1,T6,T8,Cooking,None,None,131071
1655,1362345282,331,98.55,98.3,98,97.85,97.4,97.5,97.65,98.15,98.55,97.5,98.15,98.6,0,T1,T6,T8,Cooking,None,None,131071
1660,1362345282,332,98.5,98.3,98,97.85,97.55,97.7,97.9,98.3,98.5,97.7,98.3,98.5,0,T1,T6,T8,Cooking,None,None,131071
1665,1362345282,333,98.5,98.3,98.05,97.85,97.55,97.65,97.8,98.2,98.5,97.65,98.2,98.5,0,T1,T6,T8,Cooking,None,None,131071
1670,1362345282,334,98.45,98.3,98,97.9,97.6,97.7,97.8,98.2,98.45,97.7,98.2,98.5,0,T1,T6,T8,Cooking,None,None,131071
1675,1362345282,335,98.45,98.3,98.05,97.9,97.6,97.65,97.75,98.05,98.45,97.65,98.05,98.4,0,T1,T6,T8,Cooking,None,None,131071
1680,1362345282,336,98.4,98.3,98.05,97.9,97.45,97.45,97.5,97.85,98.4,97.45,97.85,98.4,0,T1,T6,T8,Cooking,None,None,131071
1685,1362345282,337,98.35,98.3,98.1,97.9,97.35,97.55,97.5,97.7,98.35,97.55,97.7,98.4,0,T1,T6,T8,Cooking,None,None,131071
1690,1362345282,338,98.3,98.3,98.05,97.95,97.35,97.45,97.45,97.7,98.3,97.45,97.7,98.3,0,T1,T6,T8,Cooking,None,None,131071
1695,1362345282,339,98.25,98.3,98.1,97.95,97.4,97.45,97.45,97.7,98.25,97.45,97.7,98.3,0,T1,T6,T8,Cooking,None,None,131071
1700,1362345282,340,98.25,98.3,98.1,97.95,97.35,97.4,97.4,97.55,98.25,97.4,97.55,98.3,0,T1,T6,T8,Cooking,None,None,131071
1705,1362345282,341,98.2,98.3,98.1,97.95,97.4,97.45,97.35,97.55,98.2,97.45,97.55,98.2,0,T1,T6,T8,Cooking,None,None,131071
1710,1362345282,342,98.1,98.25,98.1,97.95,97.6,97.55,97.55,97.65,98.1,97.55,97.65,98.1,0,T1,T6,T8,Cooking,None,None,131071
1715,1362345282,343,98.1,98.25,98.1,97.9,97.35,97.4,97.3,97.35,98.1,97.4,97.35,98.1,0,T1,T6,T8,Cooking,None,None,131071
1720,1362345282,344,98,98.2,98.05,97.9,97.35,97.3,97.25,97.3,98,97.3,97.3,98,0,T1,T6,T8,Cooking,None,None,131071
1725,1362345282,345,79.3,80.35,81.55,77.65,88.85,89.65,89.65,94.05,79.3,89.65,94.05,88.7,0,T1,T6,T8,Cooking,None,None,131071
1730,1362345282,346,74.55,73.25,72.9,69.25,77.95,78.5,79.75,89.7,74.55,78.5,89.7,81.6,0,T1,T6,T8,Cooking,None,None,131071
1735,1362345282,347,69.65,68.7,67.25,63.35,69.15,69.7,72.8,85.85,69.65,69.7,85.85,75.6,0,T1,T6,T8,Cooking,None,None,131071
1740,1362345282,348,65,64.5,62.45,58.5,62.2,62.85,67.6,82.4,65,62.85,82.4,70.3,0,T1,T6,T8,Cooking,None,None,131071
1745,1362345282,349,62.65,62.1,59.5,55.6,57.55,58.1,63.7,79.45,62.65,58.1,79.45,66.5,0,T1,T6,T8,Cooking,None,None,131071
1750,1362345282,350,59.1,58.7,56.05,52.15,53.7,54.45,61.1,76.95,59.1,54.45,76.95,62.8,0,T1,T6,T8,Cooking,None,None,131071
1755,1362345282,351,55.6,55.15,52.45,48.85,50.05,51.25,58.35,74.45,55.6,51.25,74.45,59.2,0,T1,T6,T8,Cooking,None,None,131071
1760,1362345282,352,53.25,52.8,50.1,46.75,47.4,48.65,56.15,72.2,53.25,48.65,72.2,56.2,0,T1,T6,T8,Cooking,None,None,131071
1765,1362345282,353,50.65,50,47.5,44.35,45.05,46.5,54.3,70.3,50.65,46.5,70.3,53.4,0,T1,T6,T8,Cooking,None,None,131071
1770,1362345282,354,48.1,47.35,44.95,42.15,42.9,44.6,52.7,68.5,48.1,44.6,68.5,50.8,0,T1,T6,T8,Cooking,None,None,131071
1775,1362345282,355,45.75,44.9,42.7,40.2,41,43,51.35,66.85,45.75,43,66.85,48.2,0,T1,T6,T8,Cooking,None,None,131071
1780,1362345282,356,43.85,42.95,40.8,38.4,39.4,41.75,50.15,65.35,43.85,41.75,65.35,46,0,T1,T6,T8,Cooking,None,None,131071
1785,1362345282,357,42.2,41.25,39.2,37,38.05,40.65,49.05,64.05,42.2,40.65,64.05,44.1,0,T1,T6,T8,Cooking,None,None,131071
1790,1362345282,358,40.9,39.95,38.05,36.05,37.05,39.75,48.25,62.95,40.9,39.75,62.95,42.5,0,T1,T6,T8,Cooking,None,None,131071
1795,1362345282,359,39.75,39.1,37.2,35.4,36.25,39.15,47.65,61.9,39.75,39.15,61.9,41.1,0,T1,T6,T8,Cooking,None,None,131071
1800,1362345282,360,38.65,38.05,36.35,34.65,35.7,38.65,47.05,60.95,38.65,38.65,60.95,39.9,0,T1,T6,T8,Cooking,None,None,131071
1805,1362345282,361,37.85,37.45,35.8,34.25,35.15,38.25,46.55,60.1,37.85,38.25,60.1,38.9,0,T1,T6,T8,Cooking,None,None,131071
1810,1362345282,362,36.95,36.55,35.05,33.65,34.7,37.8,46,59.2,36.95,37.8,59.2,37.9,0,T1,T6,T8,Cooking,None,None,131071
1815,1362345282,363,36.15,35.7,34.4,33.1,34.2,37.35,45.55,58.4,36.15,37.35,58.4,37,0,T1,T6,T8,Cooking,None,None,131071
1820,1362345282,364,35.25,34.85,33.7,32.55,33.65,36.8,44.9,57.55,35.25,36.8,57.55,36.1,0,T1,T6,T8,Cooking,None,None,131071
1825,1362345282,365,34.6,34.25,33.15,32.05,33.2,36.35,44.35,56.75,34.6,36.35,56.75,35.3,0,T1,T6,T8,Cooking,None,None,131071
1830,1362345282,366,33.9,33.6,32.6,31.6,32.75,35.95,43.8,55.95,33.9,35.95,55.95,34.6,0,T1,T6,T8,Cooking,None,None,131071
1835,1362345282,367,33.15,32.9,31.95,31.05,32.35,35.55,43.25,55.2,33.15,35.55,55.2,33.9,0,T1,T6,T8,Cooking,None,None,131071
1840,1362345282,368,32.3,32,31.3,30.55,31.9,35.1,42.75,54.4,32.3,35.1,54.4,33.1,0,T1,T6,T8,Cooking,None,None,131071
1845,1362345282,369,31.65,31.85,31.25,30.95,32.6,36.5,43.35,53.95,31.65,36.5,53.95,32.4,0,T1,T6,T8,Cooking,None,None,131071
1850,1362345282,370,31.15,31.6,31.35,31.45,34.05,38.7,44.95,53.95,31.15,38.7,53.95,31.7,0,T1,T6,T8,Cooking,None,None,131071
1855,1362345282,371,30.65,31.15,31.35,31.9,35.55,40.7,46.65,53.9,30.65,40.7,53.9,31.2,0,T1,T6,T8,Cooking,None,None,131071
1860,1362345282,372,30.1,30.75,31.25,32.15,36.75,42.3,48,53.9,30.1,42.3,53.9,30.6,0,T1,T6,T8,Cooking,None,None,131071
1865,1362345282,373,29.15,30.05,31.05,32.25,37.6,43.55,48.95,53.75,29.15,43.55,53.75,29.9,0,T1,T6,T8,Cooking,None,None,131071
1870,1362345282,374,27.85,29.35,30.8,32.35,38.2,44.55,49.85,53.65,27.85,44.55,53.65,28.9,0,T1,T6,T8,Cooking,None,None,131071
1875,1362345282,375,26.75,28.9,30.5,32.35,38.7,45.35,50.4,53.55,26.75,45.35,53.55,27.8,0,T1,T6,T8,Cooking,None,None,131071
