Combustion Inc. Probe Data,,,,,,,,,,,,,,,,,,,,,,
App: iOS Prod app 2.1.1,,,,,,,,,,,,,,,,,,,,,,
CSV version: 4,,,,,,,,,,,,,,,,,,,,,,
Probe S/N: 1000F3C1,,,,,,,,,,,,,,,,,,,,,,
Probe FW version: v2.2.1,,,,,,,,,,,,,,,,,,,,,,
Probe HW revision: v2.11-A1,,,,,,,,,,,,,,,,,,,,,,
Framework: iOS,,,,,,,,,,,,,,,,,,,,,,
Sample Period: 5000,,,,,,,,,,,,,,,,,,,,,,
Created: 2025-05-23 09:11:59,,,,,,,,,,,,,,,,,,,,,,
,,,,,,,,,,,,,,,,,,,,,,
Timestamp,SessionID,SequenceNumber,T1,T2,T3,T4,T5,T6,T7,T8,VirtualCoreTemperature,VirtualSurfaceTemperature,VirtualAmbientTemperature,EstimatedCoreTemperature,PredictionSetPoint,VirtualCoreSensor,VirtualSurfaceSensor,VirtualAmbientSensor,PredictionState,PredictionMode,PredictionType,PredictionValueSeconds
0,2182780059,0,19.35,19.4,19.4,19.45,19.45,19.85,19.9,20.4,19.35,19.85,20.4,19.3,0,T1,T6,T8,Probe Not Inserted,None,None,131071
5,2182780059,1,20,20.3,20.1,20.6,20.75,21.55,20.75,20.6,20,21.55,21.55,19.6,0,T1,T6,T6,Probe Not Inserted,None,None,131071
10,2182780059,2,19.95,20.2,20.3,20.7,21.35,22.9,22.25,20.75,19.95,21.35,22.9,19.8,0,T1,T5,T6,Probe Not Inserted,None,None,131071
15,2182780059,3,19.9,20.05,20.25,20.7,21.85,23.75,23.5,20.7,19.9,21.85,23.75,19.8,0,T1,T5,T6,Probe Not Inserted,None,None,131071
20,2182780059,4,19.9,20.05,20.25,20.7,21.95,23.85,23.7,20.65,19.9,21.95,23.85,19.8,0,T1,T5,T6,Probe Not Inserted,None,None,131071
25,2182780059,5,19.9,20.05,20.3,20.7,21.85,23.55,23.5,20.85,19.9,21.85,23.55,19.9,0,T1,T5,T6,Probe Not Inserted,None,None,131071
30,2182780059,6,19.95,20.1,20.35,20.75,21.85,23.35,23.45,20.95,19.95,21.85,23.45,19.9,0,T1,T5,T7,Probe Not Inserted,None,None,131071
35,2182780059,7,20.05,20.8,20.95,21.65,22.3,23.7,23.55,20.95,20.05,22.3,23.7,20,0,T1,T5,T6,Probe Not Inserted,None,None,131071
40,2182780059,8,19.95,20.4,20.8,21.35,22.6,23.85,23.65,21.2,19.95,22.6,23.85,19.9,0,T1,T5,T6,Probe Not Inserted,None,None,131071
45,2182780059,9,19.75,19.95,20.35,20.85,22.5,23.5,23.7,21.4,19.75,22.5,23.7,19.8,0,T1,T5,T7,Probe Not Inserted,None,None,131071
50,2182780059,10,20.45,20.1,20.55,21.95,22.2,23.05,23.7,21.9,20.1,22.2,23.7,20,0,T2,T5,T7,Probe Not Inserted,None,None,131071
55,2182780059,11,22.8,22.6,22.75,24.9,23.4,23.1,23.45,22,22.6,23.4,22,21.3,0,T2,T5,T8,Probe Not Inserted,None,None,131071
60,2182780059,12,23.7,23.5,23.75,25.6,24.2,23.2,23.2,22.25,23.5,24.2,22.25,22.4,0,T2,T5,T8,Probe Not Inserted,None,None,131071
65,2182780059,13,24.3,24,24.1,25.45,24.6,23.55,23.15,22.25,24,24.6,22.25,23.2,0,T2,T5,T8,Probe Not Inserted,None,None,131071
70,2182780059,14,24.45,25.55,24.7,25.5,24.8,24.1,23.5,22.4,25.55,24.8,22.4,24.3,0,T2,T5,T8,Probe Not Inserted,None,None,131071
75,2182780059,15,24.7,26.1,25.3,25.8,24.95,24.5,23.75,22.65,26.1,24.95,22.65,25.2,0,T2,T5,T8,Probe Not Inserted,None,None,131071
80,2182780059,16,25.2,26.3,25.95,26.45,25.15,24.9,24.1,22.7,26.3,25.15,22.7,25.8,0,T2,T5,T8,Probe Not Inserted,None,None,131071
85,2182780059,17,25.65,26.35,26.45,26.7,25.4,25.15,24.45,22.9,26.35,25.4,22.9,26,0,T2,T5,T8,Probe Not Inserted,None,None,131071
90,2182780059,18,25.85,26.45,26.7,27,25.55,25.25,24.6,22.7,26.45,25.55,22.7,26.2,0,T2,T5,T8,Probe Not Inserted,None,None,131071
95,2182780059,19,26.1,26.8,27.05,27.3,25.55,25.05,24.55,22.8,26.8,25.55,22.8,26.5,0,T2,T5,T8,Probe Not Inserted,None,None,131071
100,2182780059,20,26.3,27.05,27.3,27.5,25.65,25,24.4,22.8,27.05,25.65,22.8,26.8,0,T2,T5,T8,Probe Not Inserted,None,None,131071
105,2182780059,21,26.3,26.85,27.25,27.6,25.65,24.8,24.2,23.3,26.85,25.65,23.3,26.8,0,T2,T5,T8,Probe Not Inserted,None,None,131071
110,2182780059,22,26.6,27.1,27.5,27.75,25.7,24.75,24.05,23.4,27.1,25.7,23.4,26.9,0,T2,T5,T8,Probe Not Inserted,None,None,131071
115,2182780059,23,26.8,27.35,27.65,27.8,25.75,24.75,24,23.1,27.35,25.75,23.1,27.1,0,T2,T5,T8,Probe Not Inserted,None,None,131071
120,2182780059,24,26.95,27.45,27.7,27.9,25.85,24.65,23.95,22.9,27.45,25.85,22.9,27.3,0,T2,T5,T8,Probe Not Inserted,None,None,131071
125,2182780059,25,27.15,27.5,27.75,27.95,25.85,24.7,23.9,23.1,27.5,25.85,23.1,27.4,0,T2,T5,T8,Probe Not Inserted,None,None,131071
130,2182780059,26,27.25,27.6,27.85,28,25.85,24.65,23.8,23.15,27.6,25.85,23.15,27.5,0,T2,T5,T8,Probe Not Inserted,None,None,131071
135,2182780059,27,27.35,27.7,27.9,28.05,25.9,24.6,23.75,23,27.7,25.9,23,27.6,0,T2,T5,T8,Probe Not Inserted,None,None,131071
140,2182780059,28,27.45,27.8,27.95,27.95,25.95,24.7,23.7,23.15,27.8,25.95,23.15,27.7,0,T2,T5,T8,Probe Not Inserted,None,None,131071
145,2182780059,29,27.7,27.9,27.8,27.6,26.2,25.4,23.95,23.4,27.9,26.2,23.4,27.8,0,T2,T5,T8,Probe Not Inserted,None,None,131071
150,2182780059,30,27.75,27.85,27.75,27.6,26.5,25.9,24.15,23.15,27.85,26.5,23.15,27.8,0,T2,T5,T8,Probe Not Inserted,None,None,131071
155,2182780059,31,27.85,27.85,27.75,27.6,26.6,26.3,24.45,23.2,27.85,26.6,23.2,27.8,0,T2,T5,T8,Probe Not Inserted,None,None,131071
160,2182780059,32,27.85,27.9,27.8,27.65,26.85,26.6,24.7,23.2,27.9,26.85,23.2,27.8,0,T2,T5,T8,Probe Not Inserted,None,None,131071
165,2182780059,33,27.95,27.95,27.85,27.75,27.1,26.85,24.9,23.3,27.95,27.1,23.3,27.9,0,T2,T5,T8,Probe Not Inserted,None,None,131071
170,2182780059,34,28,27.95,27.9,27.85,27.25,26.95,25.05,23.2,27.95,27.25,23.2,27.9,0,T2,T5,T8,Probe Not Inserted,None,None,131071
175,2182780059,35,27.9,27.95,27.85,27.7,27.35,27.15,25.2,23.05,27.95,27.35,23.05,27.9,0,T2,T5,T8,Probe Not Inserted,None,None,131071
180,2182780059,36,27.8,27.75,27.65,27.55,27.4,27.3,25.35,23.2,27.75,27.4,23.2,27.8,0,T2,T5,T8,Probe Not Inserted,None,None,131071
185,2182780059,37,27.5,27.45,27.4,27.3,27.35,27.4,25.5,23.1,27.45,27.35,23.1,27.6,0,T2,T5,T8,Probe Not Inserted,None,None,131071
190,2182780059,38,27.6,27.6,27.65,27.7,27.35,27.5,25.6,23,27.6,27.35,23,27.6,0,T2,T5,T8,Probe Not Inserted,None,None,131071
195,2182780059,39,27.8,27.85,28,27.6,27.2,27.1,25.55,23.1,27.85,27.2,23.1,27.7,0,T2,T5,T8,Probe Not Inserted,None,None,131071
200,2182780059,40,27.65,27.85,28.05,27.5,26.75,26.55,25.25,23.25,27.85,26.75,23.25,27.8,0,T2,T5,T8,Probe Not Inserted,None,None,131071
205,2182780059,41,27.7,28,28.1,27.4,26.35,26,24.95,23.2,28,26.35,23.2,27.9,0,T2,T5,T8,Probe Not Inserted,None,None,131071
210,2182780059,42,27.35,27.5,27.6,27.15,26,25.4,24.55,23.4,27.5,26,23.4,27.7,0,T2,T5,T8,Probe Not Inserted,None,None,131071
215,2182780059,43,27.1,27.3,27.55,27.35,26.55,25.65,24.3,23.35,27.3,26.55,23.35,27.5,0,T2,T5,T8,Probe Not Inserted,None,None,131071
220,2182780059,44,26.7,27,27.5,27.25,26.85,26.1,24.4,23.45,27,26.85,23.45,27.2,0,T2,T5,T8,Probe Not Inserted,None,None,131071
225,2182780059,45,26.45,26.45,26.8,26.75,26.9,26.45,24.65,22.95,26.45,26.9,22.95,26.8,0,T2,T5,T8,Probe Not Inserted,None,None,131071
230,2182780059,46,26.25,26.15,26.35,26.45,26.8,26.7,25.05,22.85,26.15,26.8,22.85,26.5,0,T2,T5,T8,Probe Not Inserted,None,None,131071
235,2182780059,47,25.7,25.6,25.8,26.15,26.7,27,25.45,22.9,25.6,26.7,22.9,26,0,T2,T5,T8,Probe Not Inserted,None,None,131071
240,2182780059,48,25.3,25.25,25.55,26.15,26.6,27.1,25.65,23,25.25,26.6,23,25.6,0,T2,T5,T8,Probe Not Inserted,None,None,131071
245,2182780059,49,24.65,24.65,25.05,25.65,26.8,27.05,25.9,23.3,24.65,26.8,23.3,25.1,0,T2,T5,T8,Probe Not Inserted,None,None,131071
250,2182780059,50,24.45,24.35,24.8,25.75,26.75,27.2,26.2,23.1,24.35,26.75,23.1,24.7,0,T2,T5,T8,Probe Not Inserted,None,None,131071
255,2182780059,51,23.95,23.75,24.25,24.9,26.8,27.45,26.45,23,23.75,26.8,23,24.2,0,T2,T5,T8,Probe Not Inserted,None,None,131071
260,2182780059,52,23.65,23.5,23.9,24.5,26.7,27.55,26.6,23.25,23.5,26.7,23.25,23.9,0,T2,T5,T8,Probe Not Inserted,None,None,131071
265,2182780059,53,23.5,23.55,23.9,24.5,26.55,27.5,26.8,23.05,23.5,26.55,23.05,23.7,0,T1,T5,T8,Probe Not Inserted,None,None,131071
270,2182780059,54,23.3,23.35,23.75,24.4,26.35,27.55,26.9,23.15,23.3,24.4,23.15,23.5,0,T1,T4,T8,Probe Not Inserted,None,None,131071
275,2182780059,55,23.15,23.25,23.6,24.2,26.2,27.55,27.1,23.25,23.15,24.2,27.55,23.3,0,T1,T4,T6,Probe Not Inserted,None,None,131071
280,2182780059,56,23,23.1,23.45,24,26.1,27.55,27.25,23.45,23,24,27.55,23.1,0,T1,T4,T6,Probe Not Inserted,None,None,131071
285,2182780059,57,23,23.15,23.5,24.1,26.1,27.55,27.35,23.7,23,24.1,27.55,23.1,0,T1,T4,T6,Probe Not Inserted,None,None,131071
290,2182780059,58,22.9,23,23.4,24.05,26.1,27.6,27.35,23.7,22.9,24.05,27.6,23,0,T1,T4,T6,Probe Not Inserted,None,None,131071
295,2182780059,59,22.7,22.75,23.2,23.85,26.15,27.7,27.5,24.1,22.7,23.85,27.7,22.8,0,T1,T4,T6,Probe Not Inserted,None,None,131071
300,2182780059,60,22.6,22.75,23.15,23.8,25.95,27.65,27.5,24.2,22.6,23.8,27.65,22.7,0,T1,T4,T6,Probe Not Inserted,None,None,131071
305,2182780059,61,22.5,22.7,23.15,23.8,25.9,27.7,27.55,24,22.5,23.8,27.7,22.6,0,T1,T4,T6,Probe Not Inserted,None,None,131071
310,2182780059,62,22.5,22.7,23.1,23.8,25.95,27.65,27.55,24.3,22.5,23.8,27.65,22.5,0,T1,T4,T6,Probe Not Inserted,None,None,131071
315,2182780059,63,22.4,22.6,23,23.7,25.9,27.65,27.55,24.3,22.4,23.7,27.65,22.5,0,T1,T4,T6,Probe Not Inserted,None,None,131071
320,2182780059,64,22.3,22.5,22.95,23.7,25.95,27.7,27.65,24.3,22.3,23.7,27.7,22.4,0,T1,T4,T6,Probe Not Inserted,None,None,131071
325,2182780059,65,22.2,22.4,22.9,23.75,26.05,27.75,27.7,24.3,22.2,23.75,27.75,22.3,0,T1,T4,T6,Probe Not Inserted,None,None,131071
330,2182780059,66,21.95,22.15,22.65,23.5,26,27.65,27.7,24.45,21.95,23.5,27.7,22.1,0,T1,T4,T7,Probe Not Inserted,None,None,131071
335,2182780059,67,21.85,22.05,22.6,23.6,26,27.7,27.7,24.65,21.85,23.6,27.7,22,0,T1,T4,T7,Probe Not Inserted,None,None,131071
340,2182780059,68,21.85,22.15,22.7,23.75,26,27.6,27.65,24.65,21.85,23.75,27.65,21.9,0,T1,T4,T7,Probe Not Inserted,None,None,131071
345,2182780059,69,21.65,21.85,22.5,23.6,26,27.55,27.65,24.75,21.65,23.6,27.65,21.8,0,T1,T4,T7,Probe Not Inserted,None,None,131071
350,2182780059,70,21.45,21.7,22.25,23.35,25.95,27.45,27.6,24.8,21.45,23.35,27.6,21.6,0,T1,T4,T7,Probe Not Inserted,None,None,131071
355,2182780059,71,21.3,21.5,22.15,23.35,25.95,27.5,27.55,24.9,21.3,23.35,27.55,21.4,0,T1,T4,T7,Probe Not Inserted,None,None,131071
360,2182780059,72,21.15,21.4,22.1,23.3,25.85,27.45,27.55,25.05,21.15,23.3,27.55,21.3,0,T1,T4,T7,Probe Not Inserted,None,None,131071
365,2182780059,73,21.05,21.35,22.15,23.45,25.8,27.35,27.55,25,21.05,23.45,27.55,21.2,0,T1,T4,T7,Probe Not Inserted,None,None,131071
370,2182780059,74,21,21.3,22.05,23.35,25.85,27.4,27.5,25,21,23.35,27.5,21.1,0,T1,T4,T7,Probe Not Inserted,None,None,131071
375,2182780059,75,20.9,21.2,21.95,23.1,25.8,27.35,27.5,24.9,20.9,23.1,24.9,21,0,T1,T4,T8,Probe Not Inserted,None,None,131071
380,2182780059,76,20.85,21.2,21.95,23,25.8,27.45,27.6,25.25,20.85,23,27.6,20.9,0,T1,T4,T7,Probe Not Inserted,None,None,131071
385,2182780059,77,20.8,21.25,22,23.1,25.8,27.5,27.65,25.15,20.8,23.1,27.65,20.8,0,T1,T4,T7,Probe Not Inserted,None,None,131071
390,2182780059,78,20.65,21.05,21.85,23.1,25.75,27.5,27.65,25.1,20.65,23.1,27.65,20.7,0,T1,T4,T7,Probe Not Inserted,None,None,131071
395,2182780059,79,20.75,21.3,22.55,23.9,25.8,27.4,27.6,25.3,20.75,23.9,27.6,20.7,0,T1,T4,T7,Probe Not Inserted,None,None,131071
400,2182780059,80,21,21.6,22.55,23.6,25.45,27.05,27.3,25.15,21,23.6,25.15,20.8,0,T1,T4,T8,Probe Not Inserted,None,None,131071
405,2182780059,81,27,27.5,27.05,27.8,26.05,27.25,27.35,25.45,27,27.8,25.45,23.9,0,T1,T4,T8,Probe Inserted,None,None,131071
410,2182780059,82,28.45,29.05,29,29.45,27.55,28.05,27.1,25.5,28.45,29.45,25.5,26.2,0,T1,T4,T8,Probe Inserted,None,None,131071
415,2182780059,83,29.2,29.55,29.6,30,28.7,28.85,28.75,27.05,29.2,30,27.05,27.7,0,T1,T4,T8,Probe Inserted,None,None,131071
420,2182780059,84,29.75,30,30.05,30.35,29.5,29.75,30.05,28.45,29.75,30.35,28.45,28.7,0,T1,T4,T8,Probe Inserted,None,None,131071
425,2182780059,85,30.2,30.3,30.35,30.65,30.15,30.7,33,32.55,30.2,30.65,33,29.4,0,T1,T4,T7,Cooking,None,None,131071
430,2182780059,86,30.55,30.55,30.6,30.9,30.65,32.05,36.9,38.4,30.55,30.9,38.4,30,0,T2,T4,T8,Cooking,None,None,131071
435,2182780059,87,30.85,30.75,30.85,31.1,31.2,34.45,45.4,47.1,30.75,31.1,47.1,30.3,0,T2,T4,T8,Cooking,None,None,131071
440,2182780059,88,31.1,30.9,31,31.3,31.9,37.55,52.8,57.95,30.9,31.3,57.95,30.6,0,T2,T4,T8,Cooking,None,None,131071
445,2182780059,89,31.3,31.1,31.15,31.45,32.6,39.85,58.1,66.85,31.1,31.45,66.85,30.8,0,T2,T4,T8,Cooking,None,None,131071
450,2182780059,90,31.45,31.2,31.3,31.6,33.15,41.85,62.2,73.5,31.2,41.85,73.5,31,0,T2,T6,T8,Cooking,None,None,131071
455,2182780059,91,31.6,31.35,31.4,31.75,33.75,43.9,65.8,77.85,31.35,43.9,77.85,31.2,0,T2,T6,T8,Cooking,None,None,131071
460,2182780059,92,31.7,31.4,31.5,31.85,34.45,45.9,68.65,80.55,31.4,45.9,80.55,31.3,0,T2,T6,T8,Cooking,None,None,131071
465,2182780059,93,31.8,31.5,31.6,32,35,47.8,70.9,82.9,31.5,47.8,82.9,31.4,0,T2,T6,T8,Cooking,None,None,131071
470,2182780059,94,31.9,31.6,31.7,32.1,35.6,50.25,73.25,83.7,31.6,50.25,83.7,31.5,0,T2,T6,T8,Cooking,None,None,131071
475,2182780059,95,32,31.65,31.8,32.2,36.35,53.7,76.5,85,31.65,53.7,85,31.6,0,T2,T6,T8,Cooking,None,None,131071
480,2182780059,96,32.05,31.7,31.85,32.35,37.25,56.35,79.95,86.8,31.7,56.35,86.8,31.6,0,T2,T6,T8,Cooking,None,None,131071
485,2182780059,97,32.15,31.8,31.95,32.45,38.1,58.2,83.4,89.2,31.8,58.2,89.2,31.7,0,T2,T6,T8,Cooking,None,None,131071
490,2182780059,98,32.2,31.85,32,32.6,38.75,58.7,84.85,92.55,31.85,58.7,92.55,31.8,0,T2,T6,T8,Cooking,None,None,131071
495,2182780059,99,32.25,31.9,32.1,32.7,39.05,58.6,85.1,96.3,31.9,58.6,96.3,31.8,0,T2,T6,T8,Cooking,None,None,131071
500,2182780059,100,32.3,31.95,32.2,32.85,39.3,58.5,85.35,100.5,31.95,58.5,100.5,31.9,0,T2,T6,T8,Cooking,None,None,131071
505,2182780059,101,32.35,32,32.25,32.95,39.5,58.4,85.6,104.8,32,58.4,104.8,31.9,0,T2,T6,T8,Cooking,None,None,131071
510,2182780059,102,32.4,32.05,32.3,33.05,39.65,58.4,86.2,109.05,32.05,58.4,109.05,32,0,T2,T6,T8,Cooking,None,None,131071
515,2182780059,103,32.45,32.1,32.4,33.15,39.7,58.3,86.65,113.15,32.1,58.3,113.15,32,0,T2,T6,T8,Cooking,None,None,131071
520,2182780059,104,32.45,32.1,32.4,33.2,39.85,58.4,87.35,118,32.1,58.4,118,32.1,0,T2,T6,T8,Cooking,None,None,131071
525,2182780059,105,32.5,32.2,32.5,33.3,39.95,58.4,88.2,122.3,32.2,58.4,122.3,32.1,0,T2,T6,T8,Cooking,None,None,131071
530,2182780059,106,32.5,32.25,32.55,33.35,40.05,58.55,89.35,126.7,32.25,58.55,126.7,32.2,0,T2,T6,T8,Cooking,None,None,131071
535,2182780059,107,32.6,32.25,32.6,33.45,40.2,58.75,90.6,131.1,32.25,58.75,131.1,32.2,0,T2,T6,T8,Cooking,None,None,131071
540,2182780059,108,32.6,32.3,32.65,33.5,40.3,59,91.9,135.2,32.3,59,135.2,32.2,0,T2,T6,T8,Cooking,None,None,131071
545,2182780059,109,32.65,32.3,32.7,33.6,40.45,59.3,93.25,139.35,32.3,59.3,139.35,32.3,0,T2,T6,T8,Cooking,None,None,131071
550,2182780059,110,32.65,32.35,32.7,33.65,40.5,59.5,94.15,143.35,32.35,59.5,143.35,32.3,0,T2,T6,T8,Cooking,None,None,131071
555,2182780059,111,32.7,32.4,32.8,33.7,40.7,59.85,95.25,146.85,32.4,59.85,146.85,32.3,0,T2,T6,T8,Cooking,None,None,131071
560,2182780059,112,32.7,32.45,32.85,33.75,40.8,60.1,96,150.35,32.45,60.1,150.35,32.4,0,T2,T6,T8,Cooking,None,None,131071
565,2182780059,113,32.7,32.45,32.85,33.8,40.85,60.25,96.75,153.55,32.45,60.25,153.55,32.4,0,T2,T6,T8,Cooking,None,None,131071
570,2182780059,114,32.75,32.5,32.95,33.85,41.05,60.6,97.45,156.95,32.5,60.6,156.95,32.4,0,T2,T6,T8,Cooking,None,None,131071
575,2182780059,115,32.8,32.5,32.95,33.95,41.25,60.85,98.05,159.85,32.5,60.85,159.85,32.5,0,T2,T6,T8,Cooking,None,None,131071
580,2182780059,116,32.8,32.55,33,34,41.25,61,98.45,162.6,32.55,61,162.6,32.5,0,T2,T6,T8,Cooking,None,None,131071
585,2182780059,117,32.85,32.6,33.05,34.05,41.4,61.25,98.9,165.4,32.6,61.25,165.4,32.5,0,T2,T6,T8,Cooking,None,None,131071
590,2182780059,118,32.85,32.6,33.05,34.1,41.55,61.55,99.55,168.05,32.6,61.55,168.05,32.6,0,T2,T6,T8,Cooking,None,None,131071
595,2182780059,119,32.9,32.65,33.1,34.15,41.6,61.75,99.9,170.35,32.65,61.75,170.35,32.6,0,T2,T6,T8,Cooking,None,None,131071
600,2182780059,120,32.9,32.65,33.15,34.2,41.75,62.05,100.35,172.15,32.65,62.05,172.15,32.6,0,T2,T6,T8,Cooking,None,None,131071
605,2182780059,121,32.95,32.7,33.15,34.3,41.95,62.3,100.8,174.5,32.7,62.3,174.5,32.6,0,T2,T6,T8,Cooking,None,None,131071
610,2182780059,122,33,32.7,33.2,34.35,42.05,62.45,101.35,176.15,32.7,62.45,176.15,32.7,0,T2,T6,T8,Cooking,None,None,131071
615,2182780059,123,33,32.75,33.25,34.4,42.15,62.75,101.95,178.15,32.75,62.75,178.15,32.7,0,T2,T6,T8,Cooking,None,None,131071
620,2182780059,124,33.05,32.8,33.3,34.45,42.3,63,102.55,179.7,32.8,63,179.7,32.7,0,T2,T6,T8,Cooking,None,None,131071
625,2182780059,125,33.05,32.8,33.35,34.5,42.4,63.2,102.95,181.4,32.8,63.2,181.4,32.8,0,T2,T6,T8,Cooking,None,None,131071
630,2182780059,126,33.05,32.8,33.35,34.6,42.55,63.55,103.8,183.2,32.8,63.55,183.2,32.8,0,T2,T6,T8,Cooking,None,None,131071
635,2182780059,127,33.1,32.85,33.4,34.6,42.7,63.8,104.3,184.25,32.85,63.8,184.25,32.8,0,T2,T6,T8,Cooking,None,None,131071
640,2182780059,128,33.15,32.9,33.45,34.7,42.8,63.95,104.7,185.9,32.9,63.95,185.9,32.8,0,T2,T6,T8,Cooking,None,None,131071
645,2182780059,129,33.15,32.9,33.5,34.75,42.95,64.2,105.15,187.35,32.9,64.2,187.35,32.9,0,T2,T6,T8,Cooking,None,None,131071
650,2182780059,130,33.2,32.9,33.5,34.8,43.1,64.4,105.65,188.4,32.9,64.4,188.4,32.9,0,T2,T6,T8,Cooking,None,None,131071
655,2182780059,131,33.2,32.95,33.55,34.85,43.25,64.7,106.05,189.95,32.95,64.7,189.95,32.9,0,T2,T6,T8,Cooking,None,None,131071
660,2182780059,132,33.25,33,33.55,34.9,43.3,64.8,106.25,191.15,33,64.8,191.15,32.9,0,T2,T6,T8,Cooking,None,None,131071
665,2182780059,133,33.25,33,33.65,34.95,43.5,65.1,106.7,192.2,33,65.1,192.2,33,0,T2,T6,T8,Cooking,None,None,131071
670,2182780059,134,33.35,33,33.65,35,43.6,65.3,107.15,193.65,33,65.3,193.65,33,0,T2,T6,T8,Cooking,None,None,131071
675,2182780059,135,33.35,33.05,33.7,35.1,43.75,65.5,107.4,194.6,33.05,65.5,194.6,33,0,T2,T6,T8,Cooking,None,None,131071
680,2182780059,136,33.35,33.1,33.75,35.1,43.8,65.6,107.45,195.6,33.1,65.6,195.6,33,0,T2,T6,T8,Cooking,None,None,131071
685,2182780059,137,33.4,33.1,33.75,35.2,44,65.75,107.75,196.85,33.1,65.75,196.85,33.1,0,T2,T6,T8,Cooking,None,None,131071
690,2182780059,138,33.45,33.15,33.8,35.2,44.15,66,108.1,197.6,33.15,66,197.6,33.1,0,T2,T6,T8,Cooking,None,None,131071
695,2182780059,139,33.5,33.15,33.85,35.25,44.3,66.2,108.3,198.75,33.15,66.2,198.75,33.1,0,T2,T6,T8,Cooking,None,None,131071
700,2182780059,140,33.5,33.2,33.85,35.3,44.4,66.45,108.65,199.45,33.2,66.45,199.45,33.1,0,T2,T6,T8,Cooking,None,None,131071
705,2182780059,141,33.55,33.2,33.85,35.35,44.5,66.6,108.75,199.95,33.2,66.6,199.95,33.2,0,T2,T6,T8,Cooking,None,None,131071
710,2182780059,142,33.6,33.25,33.9,35.4,44.75,66.95,109.35,201.7,33.25,66.95,201.7,33.2,0,T2,T6,T8,Cooking,None,None,131071
715,2182780059,143,33.6,33.25,33.95,35.45,44.85,67.1,109.6,202.3,33.25,67.1,202.3,33.2,0,T2,T6,T8,Cooking,None,None,131071
720,2182780059,144,33.65,33.3,33.95,35.5,45,67.45,110.1,203.95,33.3,67.45,203.95,33.2,0,T2,T6,T8,Cooking,None,None,131071
725,2182780059,145,33.7,33.3,34.05,35.6,45.15,67.6,110.4,204.65,33.3,67.6,204.65,33.3,0,T2,T6,T8,Cooking,None,None,131071
730,2182780059,146,33.75,33.35,34.05,35.6,45.3,67.85,110.8,206.05,33.35,67.85,206.05,33.3,0,T2,T6,T8,Cooking,None,None,131071
735,2182780059,147,33.8,33.35,34.1,35.7,45.5,68.1,111.3,207.55,33.35,68.1,207.55,33.3,0,T2,T6,T8,Cooking,None,None,131071
740,2182780059,148,33.8,33.4,34.15,35.75,45.65,68.35,111.6,208.85,33.4,68.35,208.85,33.3,0,T2,T6,T8,Cooking,None,None,131071
745,2182780059,149,33.85,33.4,34.2,35.85,45.8,68.6,112.1,210.2,33.4,68.6,210.2,33.4,0,T2,T6,T8,Cooking,None,None,131071
750,2182780059,150,33.9,33.45,34.2,35.9,46.05,68.95,112.75,211.55,33.45,68.95,211.55,33.4,0,T2,T6,T8,Cooking,None,None,131071
755,2182780059,151,33.9,33.5,34.25,35.95,46.1,69.2,113.1,213.1,33.5,69.2,213.1,33.4,0,T2,T6,T8,Cooking,None,None,131071
760,2182780059,152,34,33.5,34.3,36,46.35,69.6,113.75,214.35,33.5,69.6,214.35,33.4,0,T2,T6,T8,Cooking,None,None,131071
765,2182780059,153,34.05,33.5,34.35,36.1,46.55,69.8,114,215.3,33.5,69.8,215.3,33.5,0,T2,T6,T8,Cooking,None,None,131071
770,2182780059,154,34.1,33.55,34.4,36.2,46.75,70.25,114.55,216.4,33.55,70.25,216.4,33.5,0,T2,T6,T8,Cooking,None,None,131071
775,2182780059,155,34.1,33.6,34.45,36.25,47,70.5,114.95,217.9,33.6,70.5,217.9,33.5,0,T2,T6,T8,Cooking,None,None,131071
780,2182780059,156,34.15,33.6,34.5,36.35,47.1,70.8,115.15,218.4,33.6,70.8,218.4,33.6,0,T2,T6,T8,Cooking,None,None,131071
785,2182780059,157,34.2,33.65,34.5,36.4,47.35,71.15,115.35,218.55,33.65,71.15,218.55,33.6,0,T2,T6,T8,Cooking,None,None,131071
790,2182780059,158,34.25,33.7,34.55,36.5,47.6,71.55,115.6,218.95,33.7,71.55,218.95,33.6,0,T2,T6,T8,Cooking,None,None,131071
795,2182780059,159,34.3,33.75,34.65,36.6,47.8,71.7,115.7,218.15,33.75,71.7,218.15,33.7,0,T2,T6,T8,Cooking,None,None,131071
800,2182780059,160,34.35,33.75,34.65,36.65,47.95,72.05,115.9,218,33.75,72.05,218,33.7,0,T2,T6,T8,Cooking,None,None,131071
805,2182780059,161,34.4,33.75,34.7,36.75,48.2,72.5,116.15,218,33.75,72.5,218,33.7,0,T2,T6,T8,Cooking,None,None,131071
810,2182780059,162,34.45,33.8,34.75,36.85,48.4,72.65,116.2,217.4,33.8,72.65,217.4,33.8,0,T2,T6,T8,Cooking,None,None,131071
815,2182780059,163,34.5,33.85,34.8,36.95,48.6,72.95,116.25,217.25,33.85,72.95,217.25,33.8,0,T2,T6,T8,Cooking,None,None,131071
820,2182780059,164,34.6,33.9,34.85,37,48.85,73.35,116.5,216.5,33.9,73.35,216.5,33.8,0,T2,T6,T8,Cooking,None,None,131071
825,2182780059,165,34.6,33.9,34.9,37.1,49.05,73.5,116.5,216.05,33.9,73.5,216.05,33.9,0,T2,T6,T8,Cooking,None,None,131071
830,2182780059,166,34.65,33.95,34.95,37.2,49.25,73.8,116.6,216.3,33.95,73.8,216.3,33.9,0,T2,T6,T8,Cooking,None,None,131071
835,2182780059,167,34.7,34,35.05,37.35,49.55,74.1,116.7,215.45,34,74.1,215.45,33.9,0,T2,T6,T8,Cooking,None,None,131071
840,2182780059,168,34.75,34.05,35.05,37.4,49.8,74.35,116.8,215.4,34.05,74.35,215.4,34,0,T2,T6,T8,Cooking,None,None,131071
845,2182780059,169,34.8,34.1,35.15,37.5,49.95,74.65,116.85,214.65,34.1,74.65,214.65,34,0,T2,T6,T8,Cooking,None,None,131071
850,2182780059,170,34.9,34.1,35.2,37.65,50.25,75,117.1,214.85,34.1,75,214.85,34,0,T2,T6,T8,Cooking,None,None,131071
855,2182780059,171,34.9,34.15,35.25,37.75,50.5,75.25,117.2,214.7,34.15,75.25,214.7,34.1,0,T2,T6,T8,Cooking,None,None,131071
860,2182780059,172,35,34.2,35.35,37.8,50.75,75.55,117.35,214.55,34.2,75.55,214.55,34.1,0,T2,T6,T8,Cooking,None,None,131071
865,2182780059,173,35.05,34.2,35.4,37.9,51,75.85,117.5,214.6,34.2,75.85,214.6,34.2,0,T2,T6,T8,Cooking,None,None,131071
870,2182780059,174,35.1,34.25,35.45,38.05,51.25,76.1,117.7,214.75,34.25,76.1,214.75,34.2,0,T2,T6,T8,Cooking,None,None,131071
875,2182780059,175,35.15,34.3,35.5,38.15,51.45,76.2,117.8,214.45,34.3,76.2,214.45,34.2,0,T2,T6,T8,Cooking,None,None,131071
880,2182780059,176,35.25,34.35,35.55,38.3,51.7,76.45,118,213.95,34.35,76.45,213.95,34.3,0,T2,T6,T8,Cooking,None,None,131071
885,2182780059,177,35.3,34.4,35.65,38.4,52.05,76.8,118.35,214.2,34.4,76.8,214.2,34.3,0,T2,T6,T8,Cooking,None,None,131071
890,2182780059,178,35.35,34.45,35.7,38.5,52.25,77.05,118.4,214.05,34.45,77.05,214.05,34.4,0,T2,T6,T8,Cooking,None,None,131071
895,2182780059,179,35.4,34.5,35.8,38.65,52.45,77.25,118.5,214.4,34.5,77.25,214.4,34.4,0,T2,T6,T8,Cooking,None,None,131071
900,2182780059,180,35.5,34.55,35.9,38.8,52.8,77.65,118.8,214.15,34.55,77.65,214.15,34.5,0,T2,T6,T8,Cooking,None,None,131071
905,2182780059,181,35.55,34.6,35.95,38.95,53.1,77.95,119.15,214.65,34.6,77.95,214.65,34.5,0,T2,T6,T8,Cooking,None,None,131071
910,2182780059,182,35.65,34.6,36.05,39.05,53.35,78.2,119.3,214.4,34.6,78.2,214.4,34.5,0,T2,T6,T8,Cooking,None,None,131071
915,2182780059,183,35.7,34.65,36.1,39.2,53.65,78.55,119.7,214.7,34.65,78.55,214.7,34.6,0,T2,T6,T8,Cooking,None,None,131071
920,2182780059,184,35.8,34.75,36.15,39.35,53.95,78.85,119.85,215.15,34.75,78.85,215.15,34.6,0,T2,T6,T8,Cooking,None,None,131071
925,2182780059,185,35.85,34.8,36.25,39.5,54.2,79.15,120.15,215,34.8,79.15,215,34.7,0,T2,T6,T8,Cooking,None,None,131071
930,2182780059,186,35.9,34.8,36.3,39.65,54.55,79.5,120.6,215.65,34.8,79.5,215.65,34.7,0,T2,T6,T8,Cooking,None,None,131071
935,2182780059,187,36,34.85,36.4,39.8,54.85,79.85,120.9,215.6,34.85,79.85,215.6,34.8,0,T2,T6,T8,Cooking,None,None,131071
940,2182780059,188,36.1,34.95,36.5,39.95,55.1,80.1,121.05,215.55,34.95,80.1,215.55,34.9,0,T2,T6,T8,Cooking,None,None,131071
945,2182780059,189,36.2,35,36.6,40.1,55.4,80.4,121.3,216,35,80.4,216,34.9,0,T2,T6,T8,Cooking,None,None,131071
950,2182780059,190,36.25,35,36.7,40.25,55.75,80.75,121.7,216.1,35,80.75,216.1,35,0,T2,T6,T8,Cooking,None,None,131071
955,2182780059,191,36.35,35.1,36.8,40.45,56,81,121.8,216.45,35.1,81,216.45,35,0,T2,T6,T8,Cooking,None,None,131071
960,2182780059,192,36.45,35.15,36.85,40.6,56.25,81.3,122.1,215.95,35.15,81.3,215.95,35.1,0,T2,T6,T8,Cooking,None,None,131071
965,2182780059,193,36.55,35.25,37,40.75,56.6,81.6,122.35,216.25,35.25,81.6,216.25,35.1,0,T2,T6,T8,Cooking,None,None,131071
970,2182780059,194,36.65,35.25,37.05,40.95,56.95,81.95,122.65,216.85,35.25,81.95,216.85,35.2,0,T2,T6,T8,Cooking,None,None,131071
975,2182780059,195,36.75,35.35,37.15,41.1,57.15,82.15,122.8,216.85,35.35,82.15,216.85,35.2,0,T2,T6,T8,Cooking,None,None,131071
980,2182780059,196,36.85,35.4,37.25,41.3,57.45,82.45,123.1,216.8,35.4,82.45,216.8,35.3,0,T2,T6,T8,Cooking,None,None,131071
985,2182780059,197,36.95,35.5,37.35,41.45,57.75,82.7,123.4,216.85,35.5,82.7,216.85,35.4,0,T2,T6,T8,Cooking,None,None,131071
990,2182780059,198,37.05,35.55,37.5,41.65,58.1,83.05,123.9,217.45,35.55,83.05,217.45,35.5,0,T2,T6,T8,Cooking,None,None,131071
995,2182780059,199,37.15,35.6,37.55,41.8,58.3,83.3,124.1,217.4,35.6,83.3,217.4,35.5,0,T2,T6,T8,Cooking,None,None,131071
1000,2182780059,200,37.25,35.7,37.65,42,58.55,83.5,124.3,217.45,35.7,83.5,217.45,35.6,0,T2,T6,T8,Cooking,None,None,131071
1005,2182780059,201,37.35,35.75,37.8,42.2,58.9,83.9,124.85,218.1,35.75,83.9,218.1,35.7,0,T2,T6,T8,Cooking,None,None,131071
1010,2182780059,202,37.5,35.8,37.9,42.4,59.25,84.15,125.15,218.3,35.8,84.15,218.3,35.7,0,T2,T6,T8,Cooking,None,None,131071
1015,2182780059,203,37.6,35.9,38,42.55,59.55,84.45,125.55,218.65,35.9,84.45,218.65,35.8,0,T2,T6,T8,Cooking,None,None,131071
1020,2182780059,204,37.7,36,38.15,42.8,59.8,84.8,125.85,218.75,36,84.8,218.75,35.9,0,T2,T6,T8,Cooking,None,None,131071
1025,2182780059,205,37.85,36.05,38.25,43,60.1,85.1,126.2,218.65,36.05,85.1,218.65,36,0,T2,T6,T8,Cooking,None,None,131071
1030,2182780059,206,37.95,36.15,38.4,43.15,60.45,85.35,126.5,218.75,36.15,85.35,218.75,36,0,T2,T6,T8,Cooking,None,None,131071
1035,2182780059,207,38.1,36.25,38.5,43.4,60.7,85.65,126.7,219.1,36.25,85.65,219.1,36.1,0,T2,T6,T8,Cooking,None,None,131071
1040,2182780059,208,38.2,36.3,38.6,43.6,61,85.9,126.85,219.1,36.3,85.9,219.1,36.2,0,T2,T6,T8,Cooking,None,None,131071
1045,2182780059,209,38.3,36.4,38.75,43.8,61.3,86.1,126.85,219.3,36.4,86.1,219.3,36.3,0,T2,T6,T8,Cooking,None,None,131071
1050,2182780059,210,38.45,36.5,38.9,44.05,61.65,86.5,127.4,219.4,36.5,86.5,219.4,36.4,0,T2,T6,T8,Cooking,None,None,131071
1055,2182780059,211,38.6,36.6,39,44.25,61.9,86.65,127.7,219.6,36.6,86.65,219.6,36.5,0,T2,T6,T8,Cooking,None,None,131071
1060,2182780059,212,38.7,36.65,39.15,44.5,62.2,86.9,128.05,220.25,36.65,86.9,220.25,36.5,0,T2,T6,T8,Cooking,None,None,131071
1065,2182780059,213,38.85,36.8,39.3,44.75,62.5,87.2,128.45,220.4,36.8,87.2,220.4,36.7,0,T2,T6,T8,Cooking,None,None,131071
1070,2182780059,214,38.95,36.85,39.45,44.95,62.95,87.65,129.15,220.6,36.85,87.65,220.6,36.7,0,T2,T6,T8,Cooking,None,None,131071
1075,2182780059,215,39.1,36.95,39.6,45.2,63.15,87.85,129.3,220.65,36.95,87.85,220.65,36.8,0,T2,T6,T8,Cooking,None,None,131071
1080,2182780059,216,39.25,37.05,39.75,45.45,63.5,88.15,129.65,221,37.05,88.15,221,36.9,0,T2,T6,T8,Cooking,None,None,131071
1085,2182780059,217,39.4,37.15,39.9,45.7,63.75,88.35,129.95,221.45,37.15,88.35,221.45,37,0,T2,T6,T8,Cooking,None,None,131071
1090,2182780059,218,39.55,37.25,40.05,45.95,64.15,88.8,130.75,221.9,37.25,88.8,221.9,37.1,0,T2,T6,T8,Cooking,None,None,131071
1095,2182780059,219,39.7,37.4,40.2,46.15,64.45,89.05,130.95,222.25,37.4,89.05,222.25,37.2,0,T2,T6,T8,Cooking,None,None,131071
1100,2182780059,220,39.85,37.45,40.35,46.45,64.8,89.35,131.55,222.75,37.45,89.35,222.75,37.3,0,T2,T6,T8,Cooking,None,None,131071
1105,2182780059,221,39.95,37.6,40.55,46.7,65.2,89.75,132.35,223.4,37.6,89.75,223.4,37.4,0,T2,T6,T8,Cooking,None,None,131071
1110,2182780059,222,40.1,37.7,40.7,46.95,65.35,89.9,132.6,223.55,37.7,89.9,223.55,37.6,0,T2,T6,T8,Cooking,None,None,131071
1115,2182780059,223,40.25,37.8,40.85,47.25,65.7,90.35,133.3,224.35,37.8,90.35,224.35,37.7,0,T2,T6,T8,Cooking,None,None,131071
1120,2182780059,224,40.4,37.9,41.05,47.5,66,90.6,133.75,224.85,37.9,90.6,224.85,37.8,0,T2,T6,T8,Cooking,None,None,131071
1125,2182780059,225,40.55,38.05,41.25,47.75,66.4,91.05,134.5,225.35,38.05,91.05,225.35,37.9,0,T2,T6,T8,Cooking,None,None,131071
1130,2182780059,226,40.75,38.2,41.4,48.1,66.7,91.35,135,225.75,38.2,91.35,225.75,38,0,T2,T6,T8,Cooking,None,None,131071
1135,2182780059,227,40.9,38.3,41.6,48.35,67.1,91.7,135.4,226.45,38.3,91.7,226.45,38.2,0,T2,T6,T8,Cooking,None,None,131071
1140,2182780059,228,41,38.4,41.8,48.65,67.4,91.95,135.6,226.6,38.4,91.95,226.6,38.3,0,T2,T6,T8,Cooking,None,None,131071
1145,2182780059,229,41.15,38.6,42,48.95,67.8,92.35,136.15,226.85,38.6,92.35,226.85,38.4,0,T2,T6,T8,Cooking,None,None,131071
1150,2182780059,230,41.35,38.7,42.2,49.25,68.1,92.65,136.65,227.65,38.7,92.65,227.65,38.5,0,T2,T6,T8,Cooking,None,None,131071
1155,2182780059,231,41.5,38.85,42.45,49.55,68.4,92.85,136.7,227.7,38.85,92.85,227.7,38.7,0,T2,T6,T8,Cooking,None,None,131071
1160,2182780059,232,41.7,39,42.65,49.9,68.85,93.3,137.55,227.55,39,93.3,227.55,38.8,0,T2,T6,T8,Cooking,None,None,131071
1165,2182780059,233,41.85,39.1,42.85,50.2,69.15,93.6,138.2,228.75,39.1,93.6,228.75,39,0,T2,T6,T8,Cooking,None,None,131071
1170,2182780059,234,42,39.3,43.05,50.5,69.45,93.85,138.55,229.25,39.3,93.85,229.25,39.1,0,T2,T6,T8,Cooking,None,None,131071
1175,2182780059,235,42.2,39.45,43.3,50.85,69.85,94.35,140.1,229.7,39.45,94.35,229.7,39.3,0,T2,T6,T8,Cooking,None,None,131071
1180,2182780059,236,42.35,39.55,43.5,51.2,70.25,94.75,141.5,230.7,39.55,94.75,230.7,39.4,0,T2,T6,T8,Cooking,None,None,131071
1185,2182780059,237,42.55,39.75,43.75,51.5,70.5,95.1,142.6,232.05,39.75,95.1,232.05,39.6,0,T2,T6,T8,Cooking,None,None,131071
1190,2182780059,238,42.7,39.9,44,51.9,70.95,95.75,143.7,232.8,39.9,95.75,232.8,39.7,0,T2,T6,T8,Cooking,None,None,131071
1195,2182780059,239,42.85,40.05,44.25,52.25,71.35,96.2,144.05,233.4,40.05,96.2,233.4,39.9,0,T2,T6,T8,Cooking,None,None,131071
1200,2182780059,240,43.05,40.25,44.5,52.6,71.6,96.45,143.85,233.5,40.25,96.45,233.5,40,0,T2,T6,T8,Cooking,None,None,131071
1205,2182780059,241,43.25,40.4,44.75,52.95,72.1,96.9,144.15,234.1,40.4,96.9,234.1,40.2,0,T2,T6,T8,Cooking,None,None,131071
1210,2182780059,242,43.45,40.55,45.05,53.25,72.45,97.15,144.25,234.35,40.55,97.15,234.35,40.4,0,T2,T6,T8,Cooking,None,None,131071
1215,2182780059,243,43.65,40.75,45.25,53.6,72.9,97.55,144.55,234.45,40.75,97.55,234.45,40.5,0,T2,T6,T8,Cooking,None,None,131071
1220,2182780059,244,43.85,40.9,45.5,53.95,73.05,97.6,143.75,233.3,40.9,97.6,233.3,40.7,0,T2,T6,T8,Cooking,None,None,131071
1225,2182780059,245,44.1,41.1,45.75,54.3,73.35,97.75,143.65,232.9,41.1,97.75,232.9,40.9,0,T2,T6,T8,Cooking,None,None,131071
1230,2182780059,246,44.3,41.3,46,54.6,73.8,98.15,144.35,232.45,41.3,98.15,232.45,41.1,0,T2,T6,T8,Cooking,None,None,131071
1235,2182780059,247,44.5,41.5,46.3,54.95,74,98.2,144.1,231.75,41.5,98.2,231.75,41.3,0,T2,T6,T8,Cooking,None,None,131071
1240,2182780059,248,44.75,41.7,46.55,55.3,74.3,98.45,144.1,231.5,41.7,98.45,231.5,41.5,0,T2,T6,T8,Cooking,None,None,131071
1245,2182780059,249,45,41.9,46.8,55.65,74.5,98.5,143.75,229.9,41.9,98.5,229.9,41.7,0,T2,T6,T8,Cooking,None,None,131071
1250,2182780059,250,45.25,42.1,47.1,55.95,74.9,98.75,143.6,229.55,42.1,98.75,229.55,41.9,0,T2,T6,T8,Cooking,None,None,131071
1255,2182780059,251,45.5,42.3,47.35,56.3,75.2,98.9,142.9,228.35,42.3,98.9,228.35,42.1,0,T2,T6,T8,Cooking,None,None,131071
1260,2182780059,252,45.75,42.5,47.6,56.6,75.5,99,142.25,227.8,42.5,99,227.8,42.3,0,T2,T6,T8,Cooking,None,None,131071
1265,2182780059,253,46,42.7,47.9,56.95,75.65,98.9,141.25,227,42.7,98.9,227,42.5,0,T2,T6,T8,Cooking,None,None,131071
1270,2182780059,254,46.3,42.95,48.2,57.3,76,99,141.2,226.25,42.95,99,226.25,42.7,0,T2,T6,T8,Cooking,None,None,131071
1275,2182780059,255,46.55,43.15,48.45,57.65,76.05,99.1,141,225.65,43.15,99.1,225.65,42.9,0,T2,T6,T8,Cooking,None,None,131071
1280,2182780059,256,46.85,43.4,48.75,58,76.35,99.3,141.25,225.5,43.4,99.3,225.5,43.1,0,T2,T6,T8,Cooking,None,None,131071
1285,2182780059,257,47.1,43.6,49.05,58.35,76.55,99.3,141.05,225.65,43.6,99.3,225.65,43.4,0,T2,T6,T8,Cooking,None,None,131071
1290,2182780059,258,47.35,43.85,49.35,58.65,76.8,99.4,141.15,225.2,43.85,99.4,225.2,43.6,0,T2,T6,T8,Cooking,None,None,131071
1295,2182780059,259,47.65,44.1,49.65,59.05,77.15,99.7,141.7,225.6,44.1,99.7,225.6,43.8,0,T2,T6,T8,Cooking,None,None,131071
1300,2182780059,260,47.9,44.35,49.95,59.35,77.35,99.7,141.6,225.85,44.35,99.7,225.85,44.1,0,T2,T6,T8,Cooking,None,None,131071
1305,2182780059,261,48.2,44.6,50.25,59.7,77.55,99.9,141.9,225.65,44.6,99.9,225.65,44.3,0,T2,T6,T8,Cooking,None,None,131071
1310,2182780059,262,48.5,44.85,50.6,60.1,77.8,100.05,142.15,225.7,44.85,100.05,225.7,44.6,0,T2,T6,T8,Cooking,None,None,131071
1315,2182780059,263,48.8,45.1,50.9,60.45,78.05,100.15,142.05,226.35,45.1,100.15,226.35,44.8,0,T2,T6,T8,Cooking,None,None,131071
1320,2182780059,264,49.15,45.35,51.25,60.8,78.35,100.4,142.5,226.45,45.35,100.4,226.45,45.1,0,T2,T6,T8,Cooking,None,None,131071
1325,2182780059,265,49.45,45.65,51.55,61.2,78.65,100.7,143.05,226.6,45.65,100.7,226.6,45.4,0,T2,T6,T8,Cooking,None,None,131071
1330,2182780059,266,49.75,45.95,51.9,61.55,78.85,100.75,142.9,226.7,45.95,100.75,226.7,45.6,0,T2,T6,T8,Cooking,None,None,131071
1335,2182780059,267,50.1,46.25,52.25,61.95,79.1,100.95,143.05,227.05,46.25,100.95,227.05,45.9,0,T2,T6,T8,Cooking,None,None,131071
1340,2182780059,268,50.45,46.55,52.6,62.3,79.4,101.1,143.25,227.65,46.55,101.1,227.65,46.2,0,T2,T6,T8,Cooking,None,None,131071
1345,2182780059,269,50.8,46.85,53,62.7,79.7,101.4,143.7,227.05,46.85,101.4,227.05,46.5,0,T2,T6,T8,Cooking,None,None,131071
1350,2182780059,270,51.15,47.15,53.35,63.05,79.9,101.4,143.5,227.35,47.15,101.4,227.35,46.8,0,T2,T6,T8,Cooking,None,None,131071
1355,2182780059,271,51.55,47.45,53.75,63.45,80.15,101.6,143.6,227.8,47.45,101.6,227.8,47.1,0,T2,T6,T8,Cooking,None,None,131071
1360,2182780059,272,51.9,47.8,54.1,63.85,80.4,101.7,143.65,227.95,47.8,101.7,227.95,47.4,0,T2,T6,T8,Cooking,None,None,131071
1365,2182780059,273,52.3,48.15,54.5,64.25,80.7,101.95,143.75,227.85,48.15,101.95,227.85,47.8,0,T2,T6,T8,Cooking,None,None,131071
1370,2182780059,274,52.7,48.5,54.85,64.6,80.9,102.05,143.8,227.65,48.5,102.05,227.65,48.1,0,T2,T6,T8,Cooking,None,None,131071
1375,2182780059,275,53.1,48.8,55.25,65,81.15,102.2,143.9,228.05,48.8,102.2,228.05,48.4,0,T2,T6,T8,Cooking,None,None,131071
1380,2182780059,276,53.5,49.15,55.65,65.4,81.4,102.4,143.95,227.65,49.15,102.4,227.65,48.8,0,T2,T6,T8,Cooking,None,None,131071
1385,2182780059,277,53.95,49.55,56.05,65.8,81.75,102.7,144.3,227.4,49.55,102.7,227.4,49.2,0,T2,T6,T8,Cooking,None,None,131071
1390,2182780059,278,54.4,49.9,56.45,66.15,81.9,102.6,144,227.15,49.9,102.6,227.15,49.5,0,T2,T6,T8,Cooking,None,None,131071
1395,2182780059,279,54.85,50.3,56.85,66.55,82.15,102.75,143.95,227.35,50.3,102.75,227.35,49.9,0,T2,T6,T8,Cooking,None,None,131071
1400,2182780059,280,55.25,50.7,57.25,66.9,82.4,102.9,144.15,227.6,50.7,102.9,227.6,50.3,0,T2,T6,T8,Cooking,None,None,131071
1405,2182780059,281,55.75,51.1,57.65,67.3,82.45,102.75,143.55,227.7,51.1,102.75,227.7,50.7,0,T2,T6,T8,Cooking,None,None,131071
1410,2182780059,282,56.2,51.5,58.1,67.7,82.75,102.9,143.55,227.65,51.5,102.9,227.65,51.1,0,T2,T6,T8,Cooking,None,None,131071
1415,2182780059,283,56.7,51.9,58.5,68.05,82.95,102.95,143.5,226.7,51.9,102.95,226.7,51.5,0,T2,T6,T8,Cooking,None,None,131071
1420,2182780059,284,57.2,52.35,58.95,68.45,83.25,103.2,143.7,227.2,52.35,103.2,227.2,51.9,0,T2,T6,T8,Cooking,None,None,131071
1425,2182780059,285,57.7,52.75,59.35,68.8,83.45,103.35,143.7,227.05,52.75,103.35,227.05,52.3,0,T2,T6,T8,Cooking,None,None,131071
1430,2182780059,286,58.2,53.2,59.8,69.15,83.65,103.4,143.5,226.4,53.2,103.4,226.4,52.8,0,T2,T6,T8,Cooking,None,None,131071
1435,2182780059,287,58.7,53.65,60.25,69.55,83.95,103.65,143.9,226.9,53.65,103.65,226.9,53.2,0,T2,T6,T8,Cooking,None,None,131071
1440,2182780059,288,59.25,54.15,60.65,69.9,84,103.45,143.3,226.05,54.15,103.45,226.05,53.7,0,T2,T6,T8,Cooking,None,None,131071
1445,2182780059,289,59.8,54.6,61.1,70.3,84.25,103.55,143.3,226.5,54.6,103.55,226.5,54.1,0,T2,T6,T8,Cooking,None,None,131071
1450,2182780059,290,60.3,55.1,61.55,70.7,84.5,103.85,143.6,226.2,55.1,103.85,226.2,54.6,0,T2,T6,T8,Cooking,None,None,131071
1455,2182780059,291,60.9,55.6,62.05,71.05,84.65,103.8,143.2,226.3,55.6,103.8,226.3,55.1,0,T2,T6,T8,Cooking,None,None,131071
1460,2182780059,292,61.45,56.1,62.5,71.4,84.95,104.1,143.35,225.6,56.1,104.1,225.6,55.6,0,T2,T6,T8,Cooking,None,None,131071
1465,2182780059,293,62,56.65,62.95,71.8,85.15,104.2,143.15,225.05,56.65,104.2,225.05,56.1,0,T2,T6,T8,Cooking,None,None,131071
1470,2182780059,294,62.6,57.15,63.45,72.2,85.25,104.1,142.65,224.4,57.15,104.1,224.4,56.6,0,T2,T6,T8,Cooking,None,None,131071
1475,2182780059,295,63.15,57.7,63.9,72.5,85.45,104.2,142.5,223.85,57.7,104.2,223.85,57.1,0,T2,T6,T8,Cooking,None,None,131071
1480,2182780059,296,63.75,58.2,64.3,72.85,85.7,104.2,142.35,223.15,58.2,104.2,223.15,57.7,0,T2,T6,T8,Cooking,None,None,131071
1485,2182780059,297,64.3,58.75,64.85,73.25,85.9,104.3,142.25,222.9,58.75,104.3,222.9,58.2,0,T2,T6,T8,Cooking,None,None,131071
1490,2182780059,298,64.9,59.35,65.3,73.6,86.1,104.3,142,222.05,59.35,104.3,222.05,58.8,0,T2,T6,T8,Cooking,None,None,131071
1495,2182780059,299,65.5,59.9,65.8,74,86.3,104.55,142.15,221.15,59.9,104.55,221.15,59.3,0,T2,T6,T8,Cooking,None,None,131071
1500,2182780059,300,66.1,60.5,66.3,74.35,86.45,104.4,141.7,220.15,60.5,104.4,220.15,59.9,0,T2,T6,T8,Cooking,None,None,131071
1505,2182780059,301,66.7,61.1,66.8,74.7,86.75,104.65,141.8,220.1,61.1,104.65,220.1,60.5,0,T2,T6,T8,Cooking,None,None,131071
1510,2182780059,302,67.35,61.75,67.3,75.1,86.9,104.65,141.6,219.65,61.75,104.65,219.65,61.1,0,T2,T6,T8,Cooking,None,None,131071
1515,2182780059,303,67.95,62.35,67.8,75.45,87.1,104.8,141.55,219.65,62.35,104.8,219.65,61.7,0,T2,T6,T8,Cooking,None,None,131071
1520,2182780059,304,68.6,63,68.3,75.8,87.15,104.65,141.15,219.1,63,104.65,219.1,62.3,0,T2,T6,T8,Cooking,None,None,131071
1525,2182780059,305,69.2,63.6,68.8,76.15,87.45,104.85,141.45,219.2,63.6,104.85,219.2,63,0,T2,T6,T8,Cooking,None,None,131071
1530,2182780059,306,69.8,64.25,69.35,76.5,87.55,104.85,141.2,218.8,64.25,104.85,218.8,63.6,0,T2,T6,T8,Cooking,None,None,131071
1535,2182780059,307,70.45,64.9,69.85,76.9,87.75,104.85,141.15,219.15,64.9,104.85,219.15,64.2,0,T2,T6,T8,Cooking,None,None,131071
1540,2182780059,308,71.1,65.6,70.4,77.25,87.85,104.75,140.9,219,65.6,104.75,219,64.9,0,T2,T6,T8,Cooking,None,None,131071
1545,2182780059,309,71.75,66.25,70.9,77.6,88.1,105,141.25,218.65,66.25,105,218.65,65.6,0,T2,T6,T8,Cooking,None,None,131071
1550,2182780059,310,72.4,66.95,71.5,77.95,88.3,105.15,141.35,219,66.95,105.15,219,66.3,0,T2,T6,T8,Cooking,None,None,131071
1555,2182780059,311,73,67.65,72,78.35,88.4,105.05,141.15,219.45,67.65,105.05,219.45,66.9,0,T2,T6,T8,Cooking,None,None,131071
1560,2182780059,312,73.65,68.35,72.55,78.7,88.65,105.35,141.7,219.15,68.35,105.35,219.15,67.6,0,T2,T6,T8,Cooking,None,None,131071
1565,2182780059,313,74.3,69.1,73.1,79.1,88.85,105.45,141.9,219.15,69.1,105.45,219.15,68.3,0,T2,T6,T8,Cooking,None,None,131071
1570,2182780059,314,74.95,69.8,73.7,79.45,89.05,105.6,141.95,218.95,69.8,105.6,218.95,69.1,0,T2,T6,T8,Cooking,None,None,131071
1575,2182780059,315,75.6,70.55,74.25,79.8,89.1,105.55,141.75,219.6,70.55,105.55,219.6,69.8,0,T2,T6,T8,Cooking,None,None,131071
1580,2182780059,316,76.25,71.3,74.85,80.2,89.4,105.85,142.35,219.5,71.3,105.85,219.5,70.5,0,T2,T6,T8,Cooking,None,None,131071
1585,2182780059,317,76.9,72.05,75.4,80.6,89.6,105.9,142.5,219.75,72.05,105.9,219.75,71.3,0,T2,T6,T8,Cooking,None,None,131071
1590,2182780059,318,77.5,72.8,76,81,89.7,105.9,142.45,220.5,72.8,105.9,220.5,72,0,T2,T6,T8,Cooking,None,None,131071
1595,2182780059,319,78.15,73.6,76.6,81.35,89.85,105.9,142.5,221.35,73.6,105.9,221.35,72.8,0,T2,T6,T8,Cooking,None,None,131071
1600,2182780059,320,78.8,74.35,77.2,81.75,90.1,106.25,143.1,221.7,74.35,106.25,221.7,73.6,0,T2,T6,T8,Cooking,None,None,131071
1605,2182780059,321,79.45,75.15,77.8,82.15,90.3,106.35,143.4,222.3,75.15,106.35,222.3,74.3,0,T2,T6,T8,Cooking,None,None,131071
1610,2182780059,322,80.05,75.95,78.4,82.55,90.65,106.75,143.95,222.85,75.95,106.75,222.85,75.1,0,T2,T6,T8,Cooking,None,None,131071
1615,2182780059,323,80.7,76.75,79,82.9,90.9,106.9,144.15,223.35,76.75,106.9,223.35,75.9,0,T2,T6,T8,Cooking,None,None,131071
1620,2182780059,324,81.3,77.45,79.6,83.3,90.95,106.9,144.2,224.95,77.45,106.9,224.95,76.7,0,T2,T6,T8,Cooking,None,None,131071
1625,2182780059,325,81.9,78.25,80.15,83.7,91.15,107.05,144.8,226.05,78.25,107.05,226.05,77.4,0,T2,T6,T8,Cooking,None,None,131071
1630,2182780059,326,82.5,78.95,80.75,84.1,91.5,107.4,145.8,227.3,78.95,107.4,227.3,78.2,0,T2,T6,T8,Cooking,None,None,131071
1635,2182780059,327,83.05,79.7,81.35,84.45,91.6,107.5,146.05,228.85,79.7,107.5,228.85,78.9,0,T2,T6,T8,Cooking,None,None,131071
1640,2182780059,328,83.6,80.4,81.9,84.85,91.85,107.8,146.4,229.7,80.4,107.8,229.7,79.7,0,T2,T6,T8,Cooking,None,None,131071
1645,2182780059,329,84.15,81.05,82.45,85.2,92.1,108,146.7,230.2,81.05,108,230.2,80.4,0,T2,T6,T8,Cooking,None,None,131071
1650,2182780059,330,84.7,81.75,83,85.6,92.3,108.15,146.85,230.5,81.75,108.15,230.5,81,0,T2,T6,T8,Cooking,None,None,131071
1655,2182780059,331,85.2,82.45,83.5,86,92.6,108.5,147.3,230.65,82.45,108.5,230.65,81.7,0,T2,T6,T8,Cooking,None,None,131071
1660,2182780059,332,85.75,83.05,84.05,86.35,92.75,108.45,147.1,231.3,83.05,108.45,231.3,82.4,0,T2,T6,T8,Cooking,None,None,131071
1665,2182780059,333,86.25,83.65,84.55,86.7,92.85,108.5,146.8,231.05,83.65,108.5,231.05,83,0,T2,T6,T8,Cooking,None,None,131071
1670,2182780059,334,86.7,84.25,85.05,87.1,93.1,108.6,146.95,231.4,84.25,108.6,231.4,83.6,0,T2,T6,T8,Cooking,None,None,131071
1675,2182780059,335,87.15,84.85,85.55,87.45,93.4,109,147.6,231.75,84.85,109,231.75,84.2,0,T2,T6,T8,Cooking,None,None,131071
1680,2182780059,336,87.6,85.4,86,87.75,93.65,109.15,147.7,231.4,85.4,109.15,231.4,84.8,0,T2,T6,T8,Cooking,None,None,131071
1685,2182780059,337,88.05,85.9,86.5,88.1,93.9,109.35,147.7,231.85,85.9,109.35,231.85,85.3,0,T2,T6,T8,Cooking,None,None,131071
1690,2182780059,338,88.45,86.4,86.9,88.45,94,109.25,147.4,232.1,86.4,109.25,232.1,85.9,0,T2,T6,T8,Cooking,None,None,131071
1695,2182780059,339,88.85,86.95,87.35,88.75,94.2,109.45,147.6,231.45,86.95,109.45,231.45,86.4,0,T2,T6,T8,Cooking,None,None,131071
1700,2182780059,340,89.2,87.4,87.75,89.1,94.5,109.8,148.15,232.25,87.4,109.8,232.25,86.9,0,T2,T6,T8,Cooking,None,None,131071
1705,2182780059,341,89.6,87.9,88.15,89.4,94.7,109.95,148.35,232.05,87.9,109.95,232.05,87.4,0,T2,T6,T8,Cooking,None,None,131071
1710,2182780059,342,89.95,88.3,88.55,89.7,94.95,110.05,148.45,232.15,88.3,110.05,232.15,87.8,0,T2,T6,T8,Cooking,None,None,131071
1715,2182780059,343,90.25,88.75,88.95,90,95.15,110.25,148.65,232.35,88.75,110.25,232.35,88.3,0,T2,T6,T8,Cooking,None,None,131071
1720,2182780059,344,90.6,89.15,89.3,90.3,95.35,110.35,148.7,232.6,89.15,110.35,232.6,88.7,0,T2,T6,T8,Cooking,None,None,131071
1725,2182780059,345,90.9,89.5,89.6,90.6,95.55,110.55,148.85,232.2,89.5,110.55,232.2,89.1,0,T2,T6,T8,Cooking,None,None,131071
1730,2182780059,346,91.2,89.85,89.95,90.85,95.75,110.7,148.9,232.2,89.85,110.7,232.2,89.5,0,T2,T6,T8,Cooking,None,None,131071
1735,2182780059,347,91.5,90.25,90.3,91.15,95.95,110.85,149,232.6,90.25,110.85,232.6,89.8,0,T2,T6,T8,Cooking,None,None,131071
1740,2182780059,348,91.75,90.55,90.6,91.4,96.1,110.95,149.3,232.4,90.55,110.95,232.4,90.2,0,T2,T6,T8,Cooking,None,None,131071
1745,2182780059,349,92.05,90.9,90.9,91.65,96.2,110.95,148.95,232.65,90.9,110.95,232.65,90.5,0,T2,T6,T8,Cooking,None,None,131071
1750,2182780059,350,92.3,91.2,91.2,91.85,96.5,111.3,149.55,232.4,91.2,111.3,232.4,90.8,0,T2,T6,T8,Cooking,None,None,131071
1755,2182780059,351,92.5,91.5,91.45,92.1,96.7,111.45,149.65,232.6,91.45,111.45,232.6,91.1,0,T3,T6,T8,Cooking,None,None,131071
1760,2182780059,352,92.75,91.75,91.75,92.35,96.85,111.55,149.85,232.5,91.75,111.55,232.5,91.4,0,T3,T6,T8,Cooking,None,None,131071
1765,2182780059,353,92.95,92.05,92,92.6,96.95,111.5,149.55,232.5,92,111.5,232.5,91.7,0,T3,T6,T8,Cooking,None,None,131071
1770,2182780059,354,93.15,92.3,92.25,92.8,97.25,111.9,150.15,232.6,92.25,111.9,232.6,92,0,T3,T6,T8,Cooking,None,None,131071
1775,2182780059,355,93.35,92.55,92.5,93,97.4,112.05,150.35,232.95,92.5,112.05,232.95,92.2,0,T3,T6,T8,Cooking,None,None,131071
1780,2182780059,356,93.55,92.75,92.7,93.2,97.4,111.95,150.05,232.7,92.7,111.95,232.7,92.4,0,T3,T6,T8,Cooking,None,None,131071
1785,2182780059,357,93.75,93,92.9,93.4,97.7,112.35,150.8,233.25,92.9,112.35,233.25,92.7,0,T3,T6,T8,Cooking,None,None,131071
1790,2182780059,358,93.9,93.2,93.15,93.6,97.8,112.35,150.55,233.5,93.15,112.35,233.5,92.9,0,T3,T6,T8,Cooking,None,None,131071
1795,2182780059,359,94.05,93.4,93.35,93.8,97.95,112.5,150.7,233.35,93.35,112.5,233.35,93.1,0,T3,T6,T8,Cooking,None,None,131071
1800,2182780059,360,94.2,93.6,93.5,93.95,98.2,112.8,151.4,233.4,93.5,112.8,233.4,93.3,0,T3,T6,T8,Cooking,None,None,131071
1805,2182780059,361,94.4,93.8,93.7,94.1,98.25,112.8,151.05,233.3,93.7,112.8,233.3,93.5,0,T3,T6,T8,Cooking,None,None,131071
1810,2182780059,362,94.5,94,93.9,94.3,98.4,112.9,151.35,233.35,93.9,112.9,233.35,93.7,0,T3,T6,T8,Cooking,None,None,131071
1815,2182780059,363,94.65,94.15,94.05,94.45,98.65,113.3,151.95,233.65,94.05,113.3,233.65,93.8,0,T3,T6,T8,Cooking,None,None,131071
1820,2182780059,364,94.75,94.3,94.25,94.6,98.7,113.25,151.55,233.4,94.25,113.25,233.4,94,0,T3,T6,T8,Cooking,None,None,131071
1825,2182780059,365,94.9,94.45,94.4,94.75,98.8,113.35,151.7,233.3,94.4,113.35,233.3,94.2,0,T3,T6,T8,Cooking,None,None,131071
1830,2182780059,366,95.05,94.6,94.55,94.9,99.05,113.6,152.35,232.9,94.55,113.6,232.9,94.4,0,T3,T6,T8,Cooking,None,None,131071
1835,2182780059,367,95.15,94.75,94.7,95.05,99.1,113.55,152,233.1,94.7,113.55,233.1,94.5,0,T3,T6,T8,Cooking,None,None,131071
1840,2182780059,368,95.25,94.9,94.8,95.15,99.3,113.95,152.6,232.8,94.8,113.95,232.8,94.6,0,T3,T6,T8,Cooking,None,None,131071
1845,2182780059,369,95.35,95,94.95,95.3,99.35,113.85,152.2,232.9,94.95,113.85,232.9,94.8,0,T3,T6,T8,Cooking,None,None,131071
1850,2182780059,370,95.45,95.15,95.1,95.4,99.55,114.15,152.65,232.15,95.1,114.15,232.15,94.9,0,T3,T6,T8,Cooking,None,None,131071
1855,2182780059,371,95.55,95.25,95.2,95.55,99.7,114.25,152.9,232.1,95.2,114.25,232.1,95.1,0,T3,T6,T8,Cooking,None,None,131071
1860,2182780059,372,95.7,95.35,95.3,95.6,99.7,114.2,152.55,231.8,95.3,114.2,231.8,95.2,0,T3,T6,T8,Cooking,None,None,131071
1865,2182780059,373,95.75,95.5,95.45,95.75,99.9,114.45,152.9,231.4,95.45,114.45,231.4,95.3,0,T3,T6,T8,Cooking,None,None,131071
1870,2182780059,374,95.85,95.6,95.55,95.85,99.95,114.5,152.8,231.45,95.55,114.5,231.45,95.4,0,T3,T6,T8,Cooking,None,None,131071
1875,2182780059,375,95.9,95.7,95.65,95.95,100.05,114.55,152.75,230.35,95.65,114.55,230.35,95.5,0,T3,T6,T8,Cooking,None,None,131071
1880,2182780059,376,96,95.8,95.75,96.05,100.05,114.55,152.15,230,95.75,114.55,230,95.6,0,T3,T6,T8,Cooking,None,None,131071
1885,2182780059,377,96.1,95.9,95.85,96.15,100.1,114.6,152.1,229.1,95.85,114.6,229.1,95.7,0,T3,T6,T8,Cooking,None,None,131071
1890,2182780059,378,96.15,96,95.95,96.25,100.25,114.6,151.9,228.05,95.95,114.6,228.05,95.8,0,T3,T6,T8,Cooking,None,None,131071
1895,2182780059,379,96.25,96.05,96.05,96.3,100.45,114.85,152.15,226.85,96.05,114.85,226.85,95.9,0,T3,T6,T8,Cooking,None,None,131071
1900,2182780059,380,96.3,96.15,96.1,96.4,100.5,114.8,151.8,225.65,96.1,114.8,225.65,96,0,T3,T6,T8,Cooking,None,None,131071
1905,2182780059,381,96.35,96.2,96.2,96.5,100.45,114.65,151.1,224.3,96.2,114.65,224.3,96.1,0,T3,T6,T8,Cooking,None,None,131071
1910,2182780059,382,96.4,96.3,96.25,96.5,100.55,114.75,150.65,222.3,96.25,114.75,222.3,96.2,0,T3,T6,T8,Cooking,None,None,131071
1915,2182780059,383,96.5,96.35,96.35,96.6,100.55,114.65,150,220.5,96.35,114.65,220.5,96.2,0,T3,T6,T8,Cooking,None,None,131071
1920,2182780059,384,96.55,96.45,96.45,96.7,100.45,114.4,148.85,218.7,96.45,114.4,218.7,96.3,0,T3,T6,T8,Cooking,None,None,131071
1925,2182780059,385,96.6,96.5,96.5,96.75,100.5,114.35,148.05,216.05,96.5,114.35,216.05,96.4,0,T3,T6,T8,Cooking,None,None,131071
1930,2182780059,386,96.65,96.55,96.55,96.85,100.75,114.35,147.35,213.35,96.55,114.35,213.35,96.5,0,T3,T6,T8,Cooking,None,None,131071
1935,2182780059,387,96.7,96.6,96.6,96.9,100.6,114.05,145.25,210,96.6,114.05,210,96.5,0,T3,T6,T8,Cooking,None,None,131071
1940,2182780059,388,96.75,96.7,96.7,96.95,100.95,113.95,144.35,206.5,96.7,113.95,206.5,96.6,0,T3,T6,T8,Cooking,None,None,131071
1945,2182780059,389,96.8,96.75,96.7,97,100.75,113.5,142.55,203.45,96.7,113.5,203.45,96.6,0,T3,T6,T8,Cooking,None,None,131071
1950,2182780059,390,96.85,96.8,96.75,97.05,100.8,113.2,141.55,200.4,96.75,113.2,200.4,96.7,0,T3,T6,T8,Cooking,None,None,131071
1955,2182780059,391,96.9,96.85,96.85,97.1,100.75,112.95,140.8,198.45,96.85,112.95,198.45,96.8,0,T3,T6,T8,Cooking,None,None,131071
1960,2182780059,392,96.95,96.9,96.9,97.15,100.9,112.85,140.3,195.9,96.9,112.85,195.9,96.8,0,T3,T6,T8,Cooking,None,None,131071
1965,2182780059,393,97,96.95,96.95,97.2,100.7,112.5,139.15,193.9,96.95,112.5,193.9,96.9,0,T3,T6,T8,Cooking,None,None,131071
1970,2182780059,394,97.05,97,96.95,97.2,100.9,112.4,138.55,191.25,96.95,112.4,191.25,96.9,0,T3,T6,T8,Cooking,None,None,131071
1975,2182780059,395,97.1,97,97,97.25,100.85,112.2,137.9,188.9,97,112.2,188.9,96.9,0,T3,T6,T8,Cooking,None,None,131071
1980,2182780059,396,97.1,97.1,97.05,97.3,100.7,111.8,136.55,186.75,97.05,111.8,186.75,97,0,T3,T6,T8,Cooking,None,None,131071
1985,2182780059,397,97.15,97.1,97.1,97.3,100.8,111.7,134.55,182.4,97.1,111.7,182.4,97,0,T3,T6,T8,Cooking,None,None,131071
1990,2182780059,398,97.2,97.15,97.15,97.35,100.5,111,131.4,177.6,97.15,111,177.6,97.1,0,T3,T6,T8,Cooking,None,None,131071
1995,2182780059,399,78,74.15,74.75,72.45,91.05,106.35,125.65,171.15,74.75,106.35,171.15,85.9,0,T3,T6,T8,Cooking,None,None,131071
2000,2182780059,400,70.05,64.75,65.05,62.6,80.6,97.15,116.8,164,65.05,97.15,164,75.5,0,T3,T6,T8,Cooking,None,None,131071
2005,2182780059,401,65.55,59.5,59.15,56.8,72.1,87.85,108.1,157.55,56.8,87.85,157.55,66.1,0,T4,T6,T8,Cooking,None,None,131071
2010,2182780059,402,61.2,55.45,54.55,52.05,65.2,80,101,152.1,52.05,80,152.1,59.1,0,T4,T6,T8,Cooking,None,None,131071
2015,2182780059,403,56.55,51.2,50.05,47.6,59.8,73.5,95.15,147,47.6,73.5,147,53.3,0,T4,T6,T8,Cooking,None,None,131071
2020,2182780059,404,52.75,47.75,46.25,43.9,54.85,68.05,90.25,142.3,43.9,68.05,142.3,48.6,0,T4,T6,T8,Cooking,None,None,131071
2025,2182780059,405,49.55,45.05,43.5,41.2,50.75,63.7,85.95,138.1,41.2,63.7,138.1,44.9,0,T4,T6,T8,Cooking,None,None,131071
2030,2182780059,406,46.35,42.2,40.6,38.65,47.25,60,81.8,134.1,38.65,60,134.1,41.8,0,T4,T6,T8,Cooking,None,None,131071
2035,2182780059,407,44.05,40.4,38.75,36.9,44.35,56.6,78.05,130.25,36.9,56.6,130.25,39.3,0,T4,T6,T8,Cooking,None,None,131071
2040,2182780059,408,40.85,39.35,37.65,36.05,42.1,53.55,74.05,126.75,36.05,53.55,126.75,37.7,0,T4,T6,T8,Cooking,None,None,131071
2045,2182780059,409,39.6,37.8,37.1,38.4,43.45,53.15,70.75,123,37.1,53.15,123,37.4,0,T3,T6,T8,Cooking,None,None,131071
2050,2182780059,410,38.95,38.7,38,39.55,43.9,53.7,69.45,119.1,38,53.7,119.1,37.7,0,T3,T6,T8,Cooking,None,None,131071
2055,2182780059,411,38.3,40.45,41.65,43.45,45.35,53.35,67.3,113.55,38.3,53.35,113.55,38,0,T1,T6,T8,Cooking,None,None,131071
2060,2182780059,412,37.95,39.45,40.25,41.35,44.8,51.95,65.1,108.3,37.95,51.95,108.3,37.9,0,T1,T6,T8,Cooking,None,None,131071
2065,2182780059,413,37.35,38.35,38.75,39.65,43.9,50.3,63.1,103.85,37.35,50.3,103.85,37.6,0,T1,T6,T8,Cooking,None,None,131071
2070,2182780059,414,36.5,37.1,37.45,37.7,42.55,48.65,61.2,99.7,36.5,48.65,99.7,37.1,0,T1,T6,T8,Cooking,None,None,131071
2075,2182780059,415,34.9,34.45,35,35.05,40.7,46.65,58.75,95.75,34.45,46.65,95.75,35.7,0,T2,T6,T8,Cooking,None,None,131071
2080,2182780059,416,33.55,32.4,32.75,32.8,38.3,43.9,55.4,92.5,32.4,43.9,92.5,34.1,0,T2,T6,T8,Cooking,None,None,131071
2085,2182780059,417,32.5,31.25,31.35,31.35,36.2,41.4,52.4,89.2,31.25,41.4,89.2,32.6,0,T2,T6,T8,Cooking,None,None,131071
2090,2182780059,418,31.6,30.3,30.3,30.25,34.45,39.35,50.05,86.35,30.25,39.35,86.35,31.4,0,T4,T6,T8,Cooking,None,None,131071
2095,2182780059,419,30.8,29.55,29.45,29.35,33.05,37.75,48.25,83.5,29.35,37.75,83.5,30.4,0,T4,T6,T8,Cooking,None,None,131071
2100,2182780059,420,30.05,28.95,28.75,28.65,31.9,36.5,46.8,81.45,28.65,36.5,81.45,29.5,0,T4,T6,T8,Cooking,None,None,131071
2105,2182780059,421,29.35,28.4,28.15,28.05,30.9,35.45,45.55,79,28.05,35.45,79,28.8,0,T4,T6,T8,Cooking,None,None,131071
2110,2182780059,422,28.75,27.85,27.65,27.55,30.15,34.65,44.6,76.9,27.55,34.65,76.9,28.1,0,T4,T6,T8,Cooking,None,None,131071
2115,2182780059,423,28.2,27.45,27.2,27.15,29.55,34,43.75,75,27.15,34,75,27.6,0,T4,T6,T8,Cooking,None,None,131071
2120,2182780059,424,27.75,27.05,26.85,26.8,29.15,33.5,43.05,73.1,26.8,33.5,73.1,27.2,0,T4,T6,T8,Cooking,None,None,131071
2125,2182780059,425,27.3,26.7,26.5,26.45,28.65,33,42.45,71.55,26.45,33,71.55,26.8,0,T4,T6,T8,Cooking,None,None,131071
2130,2182780059,426,26.9,26.4,26.2,26.2,28.35,32.65,41.85,69.75,26.2,32.65,69.75,26.5,0,T3,T6,T8,Cooking,None,None,131071
2135,2182780059,427,26.5,26.1,25.95,25.95,28,32.35,41.3,68.35,25.95,32.35,68.35,26.2,0,T3,T6,T8,Cooking,None,None,131071
2140,2182780059,428,26.15,25.85,25.7,25.75,27.7,32.05,40.85,67,25.7,32.05,67,25.9,0,T3,T6,T8,Cooking,None,None,131071
2145,2182780059,429,25.8,25.6,25.5,25.55,27.55,31.75,40.45,65.35,25.5,31.75,65.35,25.7,0,T3,T6,T8,Cooking,None,None,131071
2150,2182780059,430,25.55,25.35,25.25,25.35,27.3,31.55,39.95,63.95,25.25,31.55,63.95,25.5,0,T3,T6,T8,Cooking,None,None,131071
2155,2182780059,431,25.3,25.15,25.1,25.25,27.1,31.35,39.55,62.6,25.1,31.35,62.6,25.3,0,T3,T6,T8,Cooking,None,None,131071
2160,2182780059,432,25.05,24.95,24.95,25.1,26.9,31.1,39.1,61.6,24.95,31.1,61.6,25.1,0,T2,T6,T8,Cooking,None,None,131071
2165,2182780059,433,24.8,24.75,24.75,24.95,26.8,30.95,38.8,60.5,24.75,30.95,60.5,24.9,0,T2,T6,T8,Cooking,None,None,131071
2170,2182780059,434,24.6,24.6,24.6,24.8,26.7,30.75,38.35,59.4,24.6,30.75,59.4,24.7,0,T2,T6,T8,Cooking,None,None,131071
2175,2182780059,435,24.45,24.45,24.5,24.7,26.5,30.55,38.05,58.2,24.45,30.55,58.2,24.6,0,T2,T6,T8,Cooking,None,None,131071
2180,2182780059,436,24.25,24.3,24.35,24.6,26.45,30.45,37.7,57.15,24.3,30.45,57.15,24.4,0,T2,T6,T8,Cooking,None,None,131071
2185,2182780059,437,24.1,24.15,24.25,24.45,26.3,30.25,37.4,56.3,24.15,30.25,56.3,24.3,0,T2,T6,T8,Cooking,None,None,131071
2190,2182780059,438,23.95,24.05,24.15,24.4,26.15,30.1,37.1,55.7,24.05,30.1,55.7,24.1,0,T2,T6,T8,Cooking,None,None,131071
2195,2182780059,439,23.8,23.95,24.05,24.3,26.1,29.95,36.7,54.6,23.95,29.95,54.6,24,0,T2,T6,T8,Cooking,None,None,131071
2200,2182780059,440,23.7,23.8,23.95,24.25,26,29.8,36.4,53.65,23.8,29.8,53.65,23.9,0,T2,T6,T8,Cooking,None,None,131071
2205,2182780059,441,23.55,23.75,23.9,24.2,25.9,29.65,36.1,52.35,23.75,29.65,52.35,23.8,0,T2,T6,T8,Cooking,None,None,131071
2210,2182780059,442,23.45,23.6,23.8,24.15,25.85,29.55,35.85,51.75,23.6,29.55,51.75,23.7,0,T2,T6,T8,Cooking,None,None,131071
2215,2182780059,443,23.35,23.55,23.75,24.1,25.75,29.4,35.55,51,23.55,29.4,51,23.6,0,T2,T6,T8,Cooking,None,None,131071
2220,2182780059,444,23.25,23.5,23.7,24.05,25.7,29.25,35.2,50.45,23.5,29.25,50.45,23.5,0,T2,T6,T8,Cooking,None,None,131071
2225,2182780059,445,23.15,23.4,23.65,24,25.7,29.2,34.95,49.8,23.4,29.2,49.8,23.5,0,T2,T6,T8,Cooking,None,None,131071
2230,2182780059,446,23.1,23.35,23.6,23.95,25.6,29.1,34.7,48.55,23.35,29.1,48.55,23.4,0,T2,T6,T8,Cooking,None,None,131071
2235,2182780059,447,23,23.25,23.55,23.9,25.55,28.95,34.4,47.9,23.25,28.95,47.9,23.3,0,T2,T6,T8,Cooking,None,None,131071
2240,2182780059,448,22.95,23.2,23.5,23.9,25.45,28.85,34.1,47.5,23.2,28.85,47.5,23.3,0,T2,T6,T8,Cooking,None,None,131071
2245,2182780059,449,22.9,23.15,23.45,23.85,25.45,28.7,33.9,46.6,23.15,28.7,46.6,23.2,0,T2,T6,T8,Cooking,None,None,131071
2250,2182780059,450,22.85,23.15,23.45,23.8,25.3,28.6,33.6,45.9,23.15,28.6,45.9,23.2,0,T2,T6,T8,Cooking,None,None,131071
2255,2182780059,451,22.8,23.1,23.4,23.8,25.3,28.45,33.4,45.35,23.1,28.45,45.35,23.1,0,T2,T6,T8,Cooking,None,None,131071
2260,2182780059,452,22.75,23.05,23.35,23.75,25.25,28.4,33.2,44.9,23.05,28.4,44.9,23.1,0,T2,T6,T8,Cooking,None,None,131071
2265,2182780059,453,22.7,23.05,23.35,23.7,25.15,28.25,32.9,43.95,23.05,28.25,43.95,23,0,T2,T6,T8,Cooking,None,None,131071
2270,2182780059,454,22.7,23,23.35,23.7,25.1,28.1,32.7,43.6,23,28.1,43.6,23,0,T2,T6,T8,Cooking,None,None,131071
2275,2182780059,455,22.6,23,23.3,23.7,25.05,28.05,32.55,43.45,23,28.05,43.45,23,0,T2,T6,T8,Cooking,None,None,131071
2280,2182780059,456,22.6,22.95,23.25,23.65,25.1,27.95,32.3,42.85,22.95,27.95,42.85,23,0,T2,T6,T8,Cooking,None,None,131071
2285,2182780059,457,22.55,22.95,23.25,23.65,24.95,27.9,32.1,42.2,22.95,27.9,42.2,22.9,0,T2,T6,T8,Cooking,None,None,131071
2290,2182780059,458,22.55,22.95,23.25,23.6,25,27.8,31.95,41.9,22.95,27.8,41.9,22.9,0,T2,T6,T8,Cooking,None,None,131071
2295,2182780059,459,22.5,22.9,23.25,23.6,24.95,27.7,31.75,41.1,22.9,27.7,41.1,22.9,0,T2,T6,T8,Cooking,None,None,131071
2300,2182780059,460,22.5,22.9,23.2,23.6,24.95,27.65,31.6,40.85,22.9,27.65,40.85,22.9,0,T2,T6,T8,Cooking,None,None,131071
2305,2182780059,461,22.5,22.85,23.2,23.6,24.85,27.5,31.4,40.5,22.85,27.5,40.5,22.9,0,T2,T6,T8,Cooking,None,None,131071
2310,2182780059,462,22.45,22.85,23.25,23.6,24.85,27.45,31.2,40.05,22.85,27.45,40.05,22.9,0,T2,T6,T8,Cooking,None,None,131071
2315,2182780059,463,22.45,22.85,23.2,23.6,24.75,27.3,31,39.55,22.85,27.3,39.55,22.8,0,T2,T6,T8,Cooking,None,None,131071
2320,2182780059,464,22.4,22.85,23.2,23.55,24.85,27.35,30.85,39.15,22.85,27.35,39.15,22.8,0,T2,T6,T8,Cooking,None,None,131071
2325,2182780059,465,22.4,22.8,23.2,23.55,24.75,27.2,30.65,39,22.8,27.2,39,22.8,0,T2,T6,T8,Cooking,None,None,131071
2330,2182780059,466,22.4,22.8,23.15,23.55,24.65,27.1,30.5,38.35,22.8,27.1,38.35,22.8,0,T2,T6,T8,Cooking,None,None,131071
2335,2182780059,467,22.35,22.8,23.15,23.55,24.7,27.1,30.4,37.8,22.8,27.1,37.8,22.8,0,T2,T6,T8,Cooking,None,None,131071
2340,2182780059,468,22.35,22.8,23.15,23.55,24.6,27,30.2,37.55,22.8,27,37.55,22.8,0,T2,T6,T8,Cooking,None,None,131071
2345,2182780059,469,22.35,22.75,23.15,23.5,24.6,26.9,30.1,37.2,22.75,26.9,37.2,22.8,0,T2,T6,T8,Cooking,None,None,131071
2350,2182780059,470,22.3,22.75,23.15,23.5,24.55,26.85,29.9,36.75,22.75,26.85,36.75,22.8,0,T2,T6,T8,Cooking,None,None,131071
2355,2182780059,471,22.3,22.75,23.1,23.45,24.5,26.75,29.75,36.65,22.75,26.75,36.65,22.7,0,T2,T6,T8,Cooking,None,None,131071
2360,2182780059,472,22.3,22.75,23.15,23.45,24.45,26.7,29.6,36.1,22.75,26.7,36.1,22.7,0,T2,T6,T8,Cooking,None,None,131071
2365,2182780059,473,22.3,22.7,23.05,23.45,24.4,26.6,29.45,36.2,22.7,26.6,36.2,22.7,0,T2,T6,T8,Cooking,None,None,131071
2370,2182780059,474,22.25,22.7,23.05,23.4,24.3,26.5,29.3,35.7,22.7,26.5,35.7,22.7,0,T2,T6,T8,Cooking,None,None,131071
2375,2182780059,475,22.25,22.7,23.05,23.4,24.3,26.45,29.15,35.55,22.7,26.45,35.55,22.7,0,T2,T6,T8,Cooking,None,None,131071
2380,2182780059,476,22.25,22.7,23.05,23.4,24.35,26.4,29.05,35.1,22.7,26.4,35.1,22.7,0,T2,T6,T8,Cooking,None,None,131071
2385,2182780059,477,22.25,22.7,23.05,23.4,24.3,26.35,28.95,34.7,22.7,26.35,34.7,22.7,0,T2,T6,T8,Cooking,None,None,131071
2390,2182780059,478,22.25,22.7,23.05,23.4,24.25,26.3,28.8,34.65,22.7,26.3,34.65,22.7,0,T2,T6,T8,Cooking,None,None,131071
2395,2182780059,479,22.25,22.7,23.05,23.4,24.3,26.25,28.75,33.95,22.7,26.25,33.95,22.7,0,T2,T6,T8,Cooking,None,None,131071
2400,2182780059,480,22.25,22.65,23.05,23.4,24.3,26.15,28.6,34.25,22.65,26.15,34.25,22.7,0,T2,T6,T8,Cooking,None,None,131071
