Combustion Inc. Probe Data,,,,,,,,,,,,,,,,,,,,,,,
App: iOS Prod app 3.2.0,,,,,,,,,,,,,,,,,,,,,,,
CSV version: 4,,,,,,,,,,,,,,,,,,,,,,,
Probe S/N: 1000BA3C,,,,,,,,,,,,,,,,,,,,,,,
Probe FW version: v2.2.3,,,,,,,,,,,,,,,,,,,,,,,
Probe HW revision: v1.1-A1,,,,,,,,,,,,,,,,,,,,,,,
Framework: iOS,,,,,,,,,,,,,,,,,,,,,,,
Sample Period: 5000,,,,,,,,,,,,,,,,,,,,,,,
Created: 2026-01-13 11:35:00,,,,,,,,,,,,,,,,,,,,,,,
,,,,,,,,,,,,,,,,,,,,,,,
Timestamp,,SessionID,SequenceNumber,T1,T2,T3,T4,T5,T6,T7,T8,VirtualCoreTemperature,VirtualSurfaceTemperature,VirtualAmbientTemperature,EstimatedCoreTemperature,PredictionSetPoint,VirtualCoreSensor,VirtualSurfaceSensor,VirtualAmbientSensor,PredictionState,PredictionMode,PredictionType,PredictionValueSeconds
0,00:00,1524676334,16,31.3,30.95,30.5,30.9,30.15,29.85,29.45,29.45,31.3,29.85,29.45,30.6,0,T1,T6,T8,Probe Inserted,None,None,131071
5,00:05,1524676334,17,34.5,34.25,33.95,33.85,31.75,31.1,30.45,29.7,34.5,31.1,29.7,32.5,0,T1,T6,T8,Probe Inserted,None,None,131071
10,00:10,1524676334,18,35,34.85,34.65,34.45,33.1,32.35,31.5,30,35,32.35,30,33.7,0,T1,T6,T8,Probe Inserted,None,None,131071
15,00:15,1524676334,19,35.35,35.15,34.95,34.85,33.8,33.25,32.15,30.15,35.35,33.25,30.15,34.5,0,T1,T6,T8,Probe Inserted,None,None,131071
20,00:20,1524676334,20,35.55,35.35,35.25,35.05,34.45,33.95,32.75,30.55,35.55,33.95,30.55,35,0,T1,T6,T8,Probe Inserted,None,None,131071
25,00:25,1524676334,21,35.8,35.55,35.4,35.25,34.85,34.4,33.25,31,35.8,34.4,31,35.4,0,T1,T6,T8,Probe Inserted,None,None,131071
30,00:30,1524676334,22,36.05,35.7,35.55,35.4,35.1,34.75,33.6,31.4,36.05,34.75,31.4,35.7,0,T1,T6,T8,Probe Inserted,None,None,131071
35,00:35,1524676334,23,36.2,35.85,35.7,35.5,35.35,34.95,33.9,31.7,36.2,34.95,31.7,35.9,0,T1,T6,T8,Probe Inserted,None,None,131071
40,00:40,1524676334,24,36.35,35.9,35.75,35.6,35.45,35.15,34.15,32.1,36.35,35.15,32.1,36.1,0,T1,T6,T8,Probe Inserted,None,None,131071
45,00:45,1524676334,25,36.5,36,35.85,35.7,35.55,35.2,34.25,32.45,36.5,35.2,32.45,36.3,0,T1,T6,T8,Probe Inserted,None,None,131071
50,00:50,1524676334,26,36.55,36.05,35.95,35.75,35.7,35.4,34.5,32.85,36.55,35.4,32.85,36.4,0,T1,T6,T8,Probe Inserted,None,None,131071
55,00:55,1524676334,27,36.65,36.15,36,35.8,35.7,35.45,34.6,33.1,36.65,35.45,33.1,36.5,0,T1,T6,T8,Probe Inserted,None,None,131071
60,01:00,1524676334,28,36.75,36.2,36.05,35.85,35.8,35.5,34.75,33.45,36.75,35.5,33.45,36.6,0,T1,T6,T8,Probe Inserted,None,None,131071
65,01:05,1524676334,29,36.8,36.25,36.1,35.9,35.9,35.6,34.75,33.75,36.8,35.6,33.75,36.7,0,T1,T6,T8,Probe Inserted,None,None,131071
70,01:10,1524676334,30,36.85,36.3,36.1,35.95,35.9,35.6,34.95,34.05,36.85,35.6,34.05,36.8,0,T1,T6,T8,Probe Inserted,None,None,131071
75,01:15,1524676334,31,36.9,36.35,36.2,36,35.95,35.65,35.05,34.3,36.9,35.65,34.3,36.8,0,T1,T6,T8,Probe Inserted,None,None,131071
80,01:20,1524676334,32,36.95,36.4,36.2,36.05,36,35.75,35.15,34.6,36.95,35.75,34.6,36.9,0,T1,T6,T8,Probe Inserted,None,None,131071
85,01:25,1524676334,33,37,36.45,36.25,36.1,35.95,35.75,35.2,34.75,37,35.75,34.75,36.9,0,T1,T6,T8,Probe Inserted,None,None,131071
90,01:30,1524676334,34,37.05,36.5,36.3,36.1,36.05,35.75,35.3,34.95,37.05,35.75,34.95,37,0,T1,T6,T8,Probe Inserted,None,None,131071
95,01:35,1524676334,35,37.05,36.55,36.3,36.1,36,35.8,35.4,35.1,37.05,35.8,35.1,37,0,T1,T6,T8,Probe Inserted,None,None,131071
100,01:40,1524676334,36,37.1,36.55,36.35,36.15,36.05,35.8,35.45,35.25,37.1,35.8,35.25,37,0,T1,T6,T8,Probe Inserted,None,None,131071
105,01:45,1524676334,37,37.15,36.6,36.35,36.15,36.15,35.95,35.55,35.5,37.15,35.95,35.5,37.1,0,T1,T6,T8,Probe Inserted,None,None,131071
110,01:50,1524676334,38,37.2,36.6,36.4,36.2,36.15,35.9,35.55,35.65,37.2,35.9,35.65,37.1,0,T1,T6,T8,Probe Inserted,None,None,131071
115,01:55,1524676334,39,37.25,36.65,36.4,36.25,36.1,35.95,35.7,35.8,37.25,35.95,35.8,37.2,0,T1,T6,T8,Probe Inserted,None,None,131071
120,02:00,1524676334,40,37.3,36.65,36.45,36.25,36.15,36,35.75,35.95,37.3,36,35.95,37.2,0,T1,T6,T8,Probe Inserted,None,None,131071
125,02:05,1524676334,41,37.35,36.7,36.45,36.25,36.2,36,35.8,36.05,37.35,36,36.05,37.3,0,T1,T6,T8,Probe Inserted,None,None,131071
130,02:10,1524676334,42,37.45,36.7,36.5,36.3,36.2,36,35.85,36.2,37.45,36,36.2,37.3,0,T1,T6,T8,Probe Inserted,None,None,131071
135,02:15,1524676334,43,37.5,36.75,36.5,36.3,36.2,36.05,35.85,36.35,37.5,36.05,36.35,37.4,0,T1,T6,T8,Probe Inserted,None,None,131071
140,02:20,1524676334,44,37.6,36.8,36.5,36.3,36.15,36.05,35.9,36.45,37.6,36.05,36.45,37.5,0,T1,T6,T8,Probe Inserted,None,None,131071
145,02:25,1524676334,45,37.7,36.8,36.55,36.35,36.25,36.05,36,36.65,37.7,36.05,36.65,37.6,0,T1,T6,T8,Probe Inserted,None,None,131071
150,02:30,1524676334,46,37.8,36.8,36.55,36.35,36.25,36.05,36,36.75,37.8,36.05,36.75,37.7,0,T1,T6,T8,Probe Inserted,None,None,131071
155,02:35,1524676334,47,37.9,36.85,36.6,36.35,36.25,36.15,36.1,36.95,37.9,36.15,36.95,37.8,0,T1,T6,T8,Probe Inserted,None,None,131071
160,02:40,1524676334,48,38.05,36.9,36.6,36.4,36.25,36.15,36.1,37,38.05,36.15,37,37.9,0,T1,T6,T8,Probe Inserted,None,None,131071
165,02:45,1524676334,49,38.2,36.9,36.6,36.4,36.35,36.2,36.2,37.2,38.2,36.2,37.2,38,0,T1,T6,T8,Probe Inserted,None,None,131071
170,02:50,1524676334,50,38.4,36.95,36.65,36.45,36.35,36.15,36.25,37.3,38.4,36.15,37.3,38.2,0,T1,T6,T8,Probe Inserted,None,None,131071
175,02:55,1524676334,51,38.65,37,36.65,36.45,36.35,36.25,36.35,37.4,38.65,36.25,37.4,38.4,0,T1,T6,T8,Probe Inserted,None,None,131071
180,03:00,1524676334,52,38.95,37,36.7,36.5,36.35,36.2,36.35,37.5,38.95,36.2,37.5,38.7,0,T1,T6,T8,Probe Inserted,None,None,131071
185,03:05,1524676334,53,39.3,37.05,36.75,36.5,36.4,36.25,36.45,37.7,39.3,36.25,37.7,39,0,T1,T6,T8,Probe Inserted,None,None,131071
190,03:10,1524676334,54,39.7,37.1,36.75,36.5,36.35,36.3,36.4,37.75,39.7,36.3,37.75,39.3,0,T1,T6,T8,Probe Inserted,None,None,131071
195,03:15,1524676334,55,40.2,37.15,36.8,36.55,36.4,36.35,36.55,38,40.2,36.35,38,39.8,0,T1,T6,T8,Probe Inserted,None,None,131071
200,03:20,1524676334,56,40.65,37.25,36.8,36.6,36.5,36.4,36.7,38.1,40.65,36.4,38.1,40.2,0,T1,T6,T8,Probe Inserted,None,None,131071
205,03:25,1524676334,57,41.2,37.3,36.85,36.55,36.45,36.4,36.65,38.2,41.2,36.4,38.2,40.7,0,T1,T6,T8,Probe Inserted,None,None,131071
210,03:30,1524676334,58,41.75,37.35,36.85,36.6,36.45,36.35,36.65,38.25,41.75,36.35,38.25,41.2,0,T1,T6,T8,Probe Inserted,None,None,131071
215,03:35,1524676334,59,42.3,37.4,36.9,36.6,36.5,36.4,36.7,38.45,42.3,36.4,38.45,41.7,0,T1,T6,T8,Probe Inserted,None,None,131071
220,03:40,1524676334,60,42.85,37.5,36.95,36.65,36.55,36.45,36.8,38.6,42.85,36.45,38.6,42.3,0,T1,T6,T8,Probe Inserted,None,None,131071
225,03:45,1524676334,61,43.35,37.6,37,36.65,36.6,36.5,36.9,38.7,43.35,36.5,38.7,42.8,0,T1,T6,T8,Probe Inserted,None,None,131071
230,03:50,1524676334,62,43.95,37.7,37.05,36.7,36.55,36.5,36.9,38.8,43.95,36.5,38.8,43.4,0,T1,T6,T8,Probe Inserted,None,None,131071
235,03:55,1524676334,63,44.5,37.8,37.1,36.7,36.6,36.55,37,38.9,44.5,36.55,38.9,43.9,0,T1,T6,T8,Probe Inserted,None,None,131071
240,04:00,1524676334,64,45.1,37.9,37.1,36.75,36.65,36.55,37.05,39.1,45.1,36.55,39.1,44.5,0,T1,T6,T8,Probe Inserted,None,None,131071
245,04:05,1524676334,65,45.7,38,37.15,36.75,36.65,36.55,37,39.2,45.7,36.55,39.2,45.1,0,T1,T6,T8,Probe Inserted,None,None,131071
250,04:10,1524676334,66,46.3,38.15,37.2,36.8,36.65,36.6,37.1,39.25,46.3,36.6,39.25,45.7,0,T1,T6,T8,Probe Inserted,None,None,131071
255,04:15,1524676334,67,46.85,38.25,37.25,36.8,36.75,36.65,37.2,39.4,46.85,36.65,39.4,46.2,0,T1,T6,T8,Probe Inserted,None,None,131071
260,04:20,1524676334,68,47.4,38.4,37.35,36.85,36.65,36.6,37.2,39.45,47.4,36.6,39.45,46.8,0,T1,T6,T8,Probe Inserted,None,None,131071
265,04:25,1524676334,69,47.95,38.55,37.4,36.85,36.75,36.75,37.35,39.7,47.95,36.75,39.7,47.4,0,T1,T6,T8,Probe Inserted,None,None,131071
270,04:30,1524676334,70,48.5,38.7,37.45,36.9,36.75,36.75,37.3,39.75,48.5,36.75,39.75,47.9,0,T1,T6,T8,Probe Inserted,None,None,131071
275,04:35,1524676334,71,49.05,38.8,37.5,36.95,36.75,36.75,37.35,39.85,49.05,36.75,39.85,48.5,0,T1,T6,T8,Probe Inserted,None,None,131071
280,04:40,1524676334,72,49.6,39,37.55,37,36.7,36.7,37.35,39.95,49.6,36.7,39.95,49,0,T1,T6,T8,Probe Inserted,None,None,131071
285,04:45,1524676334,73,50.15,39.2,37.65,37,36.85,36.75,37.45,40.1,50.15,36.75,40.1,49.6,0,T1,T6,T8,Probe Inserted,None,None,131071
290,04:50,1524676334,74,50.7,39.35,37.7,37.05,36.8,36.8,37.5,40.15,50.7,36.8,40.15,50.1,0,T1,T6,T8,Probe Inserted,None,None,131071
295,04:55,1524676334,75,51.25,39.55,37.75,37.1,36.8,36.8,37.55,40.25,51.25,36.8,40.25,50.7,0,T1,T6,T8,Probe Inserted,None,None,131071
300,05:00,1524676334,76,51.8,39.75,37.85,37.1,36.95,36.9,37.65,40.45,51.8,36.9,40.45,51.2,0,T1,T6,T8,Probe Inserted,None,None,131071
305,05:05,1524676334,77,52.35,39.95,37.95,37.15,37,36.9,37.7,40.5,52.35,36.9,40.5,51.8,0,T1,T6,T8,Probe Inserted,None,None,131071
310,05:10,1524676334,78,52.9,40.15,38.05,37.15,36.95,36.9,37.7,40.6,52.9,36.9,40.6,52.3,0,T1,T6,T8,Probe Inserted,None,None,131071
315,05:15,1524676334,79,53.55,40.4,38.1,37.25,37,36.95,37.8,40.65,53.55,36.95,40.65,52.9,0,T1,T6,T8,Probe Inserted,None,None,131071
320,05:20,1524676334,80,54.1,40.6,38.2,37.3,37.05,36.95,37.8,40.8,54.1,36.95,40.8,53.5,0,T1,T6,T8,Probe Inserted,None,None,131071
325,05:25,1524676334,81,54.65,40.8,38.3,37.3,37.05,36.95,37.85,40.8,54.65,36.95,40.8,54.1,0,T1,T6,T8,Probe Inserted,None,None,131071
330,05:30,1524676334,82,55.25,41.05,38.4,37.4,37.05,37.05,37.85,40.9,55.25,37.05,40.9,54.6,0,T1,T6,T8,Probe Inserted,None,None,131071
335,05:35,1524676334,83,55.75,41.25,38.5,37.4,37.05,37.05,38,41.05,55.75,37.05,41.05,55.2,0,T1,T6,T8,Probe Inserted,None,None,131071
340,05:40,1524676334,84,56.3,41.5,38.6,37.45,37.15,37.1,38,41.15,56.3,37.1,41.15,55.7,0,T1,T6,T8,Probe Inserted,None,None,131071
345,05:45,1524676334,85,56.85,41.7,38.7,37.5,37.15,37.1,38.05,41.2,56.85,37.1,41.2,56.3,0,T1,T6,T8,Probe Inserted,None,None,131071
350,05:50,1524676334,86,57.35,41.95,38.8,37.55,37.2,37.15,38.05,41.3,57.35,37.15,41.3,56.8,0,T1,T6,T8,Probe Inserted,None,None,131071
355,05:55,1524676334,87,57.85,42.2,38.9,37.6,37.2,37.15,38.1,41.45,57.85,37.15,41.45,57.3,0,T1,T6,T8,Probe Inserted,None,None,131071
360,06:00,1524676334,88,58.3,42.4,39,37.65,37.25,37.2,38.2,41.5,58.3,37.2,41.5,57.8,0,T1,T6,T8,Probe Inserted,None,None,131071
365,06:05,1524676334,89,58.75,42.65,39.1,37.65,37.3,37.3,38.25,41.7,58.75,37.3,41.7,58.3,0,T1,T6,T8,Probe Inserted,None,None,131071
370,06:10,1524676334,90,59.25,42.9,39.2,37.7,37.3,37.3,38.3,41.8,59.25,37.3,41.8,58.7,0,T1,T6,T8,Probe Inserted,None,None,131071
375,06:15,1524676334,91,59.7,43.15,39.3,37.75,37.3,37.3,38.35,41.9,59.7,37.3,41.9,59.2,0,T1,T6,T8,Probe Inserted,None,None,131071
380,06:20,1524676334,92,60.15,43.4,39.45,37.85,37.35,37.25,38.4,41.95,60.15,37.25,41.95,59.7,0,T1,T6,T8,Probe Inserted,None,None,131071
385,06:25,1524676334,93,60.55,43.65,39.6,37.9,37.4,37.35,38.5,42.15,60.55,37.35,42.15,60.1,0,T1,T6,T8,Probe Inserted,None,None,131071
390,06:30,1524676334,94,61,43.9,39.65,37.95,37.35,37.35,38.55,42.3,61,37.35,42.3,60.5,0,T1,T6,T8,Probe Inserted,None,None,131071
395,06:35,1524676334,95,61.4,44.15,39.8,38,37.4,37.45,38.6,42.45,61.4,37.45,42.45,60.9,0,T1,T6,T8,Probe Inserted,None,None,131071
400,06:40,1524676334,96,61.85,44.4,39.9,38.05,37.5,37.45,38.65,42.6,61.85,37.45,42.6,61.4,0,T1,T6,T8,Probe Inserted,None,None,131071
405,06:45,1524676334,97,62.25,44.65,40,38.1,37.35,37.4,38.65,42.75,62.25,37.4,42.75,61.8,0,T1,T6,T8,Probe Inserted,None,None,131071
410,06:50,1524676334,98,62.7,44.9,40.15,38.15,37.45,37.45,38.75,42.95,62.7,37.45,42.95,62.2,0,T1,T6,T8,Probe Inserted,None,None,131071
415,06:55,1524676334,99,63.1,45.15,40.3,38.2,37.55,37.5,38.85,43.2,63.1,37.5,43.2,62.7,0,T1,T6,T8,Probe Inserted,None,None,131071
420,07:00,1524676334,100,63.55,45.45,40.4,38.25,37.6,37.55,39.05,43.45,63.55,37.55,43.45,63.1,0,T1,T6,T8,Probe Inserted,None,None,131071
425,07:05,1524676334,101,63.95,45.7,40.55,38.35,37.5,37.55,39,43.5,63.95,37.55,43.5,63.5,0,T1,T6,T8,Probe Inserted,None,None,131071
430,07:10,1524676334,102,64.4,45.95,40.65,38.4,37.6,37.6,39.15,43.75,64.4,37.6,43.75,63.9,0,T1,T6,T8,Probe Inserted,None,None,131071
435,07:15,1524676334,103,64.85,46.25,40.8,38.45,37.65,37.6,39.15,44,64.85,37.6,44,64.4,0,T1,T6,T8,Probe Inserted,None,None,131071
440,07:20,1524676334,104,65.3,46.5,40.9,38.5,37.7,37.7,39.3,44.25,65.3,37.7,44.25,64.8,0,T1,T6,T8,Probe Inserted,None,None,131071
445,07:25,1524676334,105,65.7,46.75,41.05,38.6,37.75,37.75,39.4,44.5,65.7,37.75,44.5,65.2,0,T1,T6,T8,Probe Inserted,None,None,131071
450,07:30,1524676334,106,66.15,47,41.15,38.65,37.75,37.75,39.45,44.65,66.15,37.75,44.65,65.7,0,T1,T6,T8,Probe Inserted,None,None,131071
455,07:35,1524676334,107,66.55,47.2,41.3,38.7,37.75,37.8,39.55,44.9,66.55,37.8,44.9,66.1,0,T1,T6,T8,Probe Inserted,None,None,131071
460,07:40,1524676334,108,66.95,47.45,41.4,38.75,37.85,37.85,39.7,45.2,66.95,37.85,45.2,66.5,0,T1,T6,T8,Probe Inserted,None,None,131071
465,07:45,1524676334,109,67.35,47.7,41.55,38.8,37.85,37.9,39.8,45.4,67.35,37.9,45.4,66.9,0,T1,T6,T8,Probe Inserted,None,None,131071
470,07:50,1524676334,110,67.7,47.95,41.65,38.85,37.95,37.9,39.95,45.7,67.7,37.9,45.7,67.3,0,T1,T6,T8,Probe Inserted,None,None,131071
475,07:55,1524676334,111,68.1,48.2,41.8,38.95,37.9,37.95,40,45.85,68.1,37.95,45.85,67.7,0,T1,T6,T8,Probe Inserted,None,None,131071
480,08:00,1524676334,112,68.45,48.5,41.95,39,37.95,38,40.15,46.2,68.45,38,46.2,68,0,T1,T6,T8,Probe Inserted,None,None,131071
485,08:05,1524676334,113,68.8,48.7,42.1,39.05,38.05,38.1,40.25,46.45,68.8,38.1,46.45,68.4,0,T1,T6,T8,Probe Inserted,None,None,131071
490,08:10,1524676334,114,69.1,48.95,42.2,39.15,38.05,38.15,40.35,46.7,69.1,38.15,46.7,68.7,0,T1,T6,T8,Probe Inserted,None,None,131071
495,08:15,1524676334,115,69.5,49.2,42.35,39.2,38.05,38.15,40.5,47.05,69.5,38.15,47.05,69.1,0,T1,T6,T8,Probe Inserted,None,None,131071
500,08:20,1524676334,116,69.85,49.45,42.45,39.25,38.1,38.2,40.55,47.3,69.85,38.2,47.3,69.5,0,T1,T6,T8,Probe Inserted,None,None,131071
505,08:25,1524676334,117,70.2,49.7,42.6,39.3,38.1,38.2,40.7,47.6,70.2,38.2,47.6,69.8,0,T1,T6,T8,Probe Inserted,None,None,131071
510,08:30,1524676334,118,70.55,49.95,42.75,39.4,38.15,38.25,40.8,47.9,70.55,38.25,47.9,70.2,0,T1,T6,T8,Probe Inserted,None,None,131071
515,08:35,1524676334,119,70.9,50.2,42.85,39.45,38.25,38.35,41,48.25,70.9,38.35,48.25,70.5,0,T1,T6,T8,Probe Inserted,None,None,131071
520,08:40,1524676334,120,71.25,50.4,43,39.55,38.25,38.45,41.1,48.6,71.25,38.45,48.6,70.9,0,T1,T6,T8,Probe Inserted,None,None,131071
525,08:45,1524676334,121,71.65,50.7,43.15,39.6,38.25,38.4,41.15,48.8,71.65,38.4,48.8,71.2,0,T1,T6,T8,Probe Inserted,None,None,131071
530,08:50,1524676334,122,71.95,50.9,43.25,39.65,38.35,38.5,41.4,49.2,71.95,38.5,49.2,71.6,0,T1,T6,T8,Probe Inserted,None,None,131071
535,08:55,1524676334,123,72.3,51.15,43.4,39.75,38.35,38.55,41.55,49.5,72.3,38.55,49.5,71.9,0,T1,T6,T8,Probe Inserted,None,None,131071
540,09:00,1524676334,124,72.65,51.4,43.55,39.8,38.4,38.55,41.65,49.95,72.65,38.55,49.95,72.3,0,T1,T6,T8,Probe Inserted,None,None,131071
545,09:05,1524676334,125,73,51.65,43.65,39.85,38.45,38.65,41.8,50.25,73,38.65,50.25,72.6,0,T1,T6,T8,Probe Inserted,None,None,131071
550,09:10,1524676334,126,73.35,51.9,43.8,39.95,38.45,38.7,41.9,50.5,73.35,38.7,50.5,73,0,T1,T6,T8,Probe Inserted,None,None,131071
555,09:15,1524676334,127,73.7,52.15,43.95,40,38.55,38.85,42.15,50.95,73.7,38.85,50.95,73.3,0,T1,T6,T8,Probe Inserted,None,None,131071
560,09:20,1524676334,128,74.05,52.4,44.1,40.1,38.55,38.85,42.25,51.15,74.05,38.85,51.15,73.7,0,T1,T6,T8,Probe Inserted,None,None,131071
565,09:25,1524676334,129,74.4,52.65,44.2,40.15,38.6,38.9,42.4,51.55,74.4,38.9,51.55,74,0,T1,T6,T8,Probe Inserted,None,None,131071
570,09:30,1524676334,130,74.8,52.9,44.4,40.25,38.65,38.95,42.55,51.95,74.8,38.95,51.95,74.4,0,T1,T6,T8,Probe Inserted,None,None,131071
575,09:35,1524676334,131,75.1,53.2,44.55,40.3,38.7,39.05,42.7,52.25,75.1,39.05,52.25,74.7,0,T1,T6,T8,Probe Inserted,None,None,131071
580,09:40,1524676334,132,75.45,53.45,44.65,40.4,38.8,39.05,42.85,52.6,75.45,39.05,52.6,75.1,0,T1,T6,T8,Probe Inserted,None,None,131071
585,09:45,1524676334,133,75.75,53.7,44.8,40.45,38.75,39.15,43.05,52.9,75.75,39.15,52.9,75.4,0,T1,T6,T8,Probe Inserted,None,None,131071
590,09:50,1524676334,134,76.05,54,45,40.5,38.8,39.15,43.1,53.2,76.05,39.15,53.2,75.7,0,T1,T6,T8,Probe Inserted,None,None,131071
595,09:55,1524676334,135,76.35,54.25,45.1,40.65,38.9,39.25,43.35,53.45,76.35,39.25,53.45,76,0,T1,T6,T8,Probe Inserted,None,None,131071
600,10:00,1524676334,136,76.65,54.55,45.25,40.7,38.9,39.35,43.45,53.85,76.65,39.35,53.85,76.3,0,T1,T6,T8,Probe Inserted,None,None,131071
605,10:05,1524676334,137,76.95,54.8,45.45,40.8,38.95,39.4,43.65,54.1,76.95,39.4,54.1,76.6,0,T1,T6,T8,Probe Inserted,None,None,131071
610,10:10,1524676334,138,77.25,55.05,45.6,40.85,39,39.5,43.8,54.4,77.25,39.5,54.4,76.9,0,T1,T6,T8,Probe Inserted,None,None,131071
615,10:15,1524676334,139,77.55,55.35,45.75,40.95,39.1,39.6,43.95,54.75,77.55,39.6,54.75,77.2,0,T1,T6,T8,Probe Inserted,None,None,131071
620,10:20,1524676334,140,77.8,55.65,45.95,41.05,39.15,39.65,44.05,55.05,77.8,39.65,55.05,77.5,0,T1,T6,T8,Cooking,None,None,131071
625,10:25,1524676334,141,78.1,55.9,46.1,41.1,39.2,39.65,44.3,55.35,78.1,39.65,55.35,77.8,0,T1,T6,T8,Cooking,None,None,131071
630,10:30,1524676334,142,78.4,56.2,46.25,41.2,39.2,39.75,44.4,55.6,78.4,39.75,55.6,78.1,0,T1,T6,T8,Cooking,None,None,131071
635,10:35,1524676334,143,78.65,56.5,46.45,41.3,39.3,39.8,44.6,55.95,78.65,39.8,55.95,78.3,0,T1,T6,T8,Cooking,None,None,131071
640,10:40,1524676334,144,78.9,56.8,46.6,41.4,39.35,39.95,44.7,56.2,78.9,39.95,56.2,78.6,0,T1,T6,T8,Cooking,None,None,131071
645,10:45,1524676334,145,79.2,57.05,46.8,41.5,39.45,40.1,44.9,56.55,79.2,40.1,56.55,78.9,0,T1,T6,T8,Cooking,None,None,131071
650,10:50,1524676334,146,79.45,57.35,47,41.6,39.5,40.1,45.1,56.85,79.45,40.1,56.85,79.1,0,T1,T6,T8,Cooking,None,None,131071
655,10:55,1524676334,147,79.65,57.65,47.15,41.7,39.6,40.25,45.35,57.25,79.65,40.25,57.25,79.4,0,T1,T6,T8,Cooking,None,None,131071
660,11:00,1524676334,148,79.85,57.9,47.35,41.8,39.55,40.2,45.4,57.45,79.85,40.2,57.45,79.6,0,T1,T6,T8,Cooking,None,None,131071
665,11:05,1524676334,149,80.1,58.25,47.55,41.9,39.65,40.3,45.6,57.75,80.1,40.3,57.75,79.8,0,T1,T6,T8,Cooking,None,None,131071
670,11:10,1524676334,150,80.3,58.5,47.75,42,39.7,40.4,45.7,58.1,80.3,40.4,58.1,80.1,0,T1,T6,T8,Cooking,None,None,131071
675,11:15,1524676334,151,80.55,58.8,47.9,42.1,39.8,40.4,45.9,58.3,80.55,40.4,58.3,80.3,0,T1,T6,T8,Cooking,None,None,131071
680,11:20,1524676334,152,80.8,59.1,48.1,42.25,39.85,40.6,46.15,58.7,80.8,40.6,58.7,80.5,0,T1,T6,T8,Cooking,None,None,131071
685,11:25,1524676334,153,80.95,59.35,48.3,42.3,39.9,40.65,46.2,58.95,80.95,40.65,58.95,80.7,0,T1,T6,T8,Cooking,None,None,131071
690,11:30,1524676334,154,81.15,59.65,48.5,42.45,40,40.75,46.4,59.25,81.15,40.75,59.25,80.9,0,T1,T6,T8,Cooking,None,None,131071
695,11:35,1524676334,155,81.4,59.95,48.7,42.55,40.05,40.85,46.55,59.5,81.4,40.85,59.5,81.1,0,T1,T6,T8,Cooking,None,None,131071
700,11:40,1524676334,156,81.55,60.25,48.95,42.65,40.15,40.9,46.8,59.85,81.55,40.9,59.85,81.3,0,T1,T6,T8,Cooking,None,None,131071
705,11:45,1524676334,157,81.75,60.5,49.15,42.8,40.2,41,47,60.1,81.75,41,60.1,81.5,0,T1,T6,T8,Cooking,None,None,131071
710,11:50,1524676334,158,81.95,60.8,49.35,42.9,40.25,41.1,47.2,60.45,81.95,41.1,60.45,81.7,0,T1,T6,T8,Cooking,None,None,131071
715,11:55,1524676334,159,82.15,61.1,49.55,43,40.35,41.15,47.3,60.7,82.15,41.15,60.7,81.9,0,T1,T6,T8,Cooking,None,None,131071
720,12:00,1524676334,160,82.35,61.4,49.8,43.15,40.35,41.2,47.45,61,82.35,41.2,61,82.1,0,T1,T6,T8,Cooking,None,None,131071
725,12:05,1524676334,161,82.5,61.7,50,43.3,40.55,41.35,47.7,61.3,82.5,41.35,61.3,82.3,0,T1,T6,T8,Cooking,None,None,131071
730,12:10,1524676334,162,82.65,62,50.2,43.4,40.6,41.5,47.9,61.65,82.65,41.5,61.65,82.5,0,T1,T6,T8,Cooking,None,None,131071
735,12:15,1524676334,163,82.8,62.25,50.45,43.55,40.75,41.6,48.15,62.05,82.8,41.6,62.05,82.6,0,T1,T6,T8,Cooking,None,None,131071
740,12:20,1524676334,164,82.95,62.55,50.65,43.7,40.7,41.65,48.25,62.2,82.95,41.65,62.2,82.8,0,T1,T6,T8,Cooking,None,None,131071
745,12:25,1524676334,165,83.15,62.85,50.9,43.85,40.85,41.8,48.45,62.5,83.15,41.8,62.5,82.9,0,T1,T6,T8,Cooking,None,None,131071
750,12:30,1524676334,166,83.3,63.1,51.1,43.95,40.95,41.9,48.7,62.85,83.3,41.9,62.85,83.1,0,T1,T6,T8,Cooking,None,None,131071
755,12:35,1524676334,167,83.45,63.4,51.35,44.1,40.95,42,48.8,63.05,83.45,42,63.05,83.3,0,T1,T6,T8,Cooking,None,None,131071
760,12:40,1524676334,168,83.6,63.7,51.55,44.25,41,42.05,49.1,63.4,83.6,42.05,63.4,83.4,0,T1,T6,T8,Cooking,None,None,131071
765,12:45,1524676334,169,83.75,64,51.8,44.4,41.1,42.2,49.25,63.7,83.75,42.2,63.7,83.6,0,T1,T6,T8,Cooking,None,None,131071
770,12:50,1524676334,170,83.9,64.25,52.05,44.55,41.3,42.35,49.45,64,83.9,42.35,64,83.7,0,T1,T6,T8,Cooking,None,None,131071
775,12:55,1524676334,171,84.05,64.55,52.3,44.7,41.4,42.5,49.7,64.45,84.05,42.5,64.45,83.9,0,T1,T6,T8,Cooking,None,None,131071
780,13:00,1524676334,172,84.2,64.85,52.55,44.85,41.45,42.55,49.85,64.65,84.2,42.55,64.65,84,0,T1,T6,T8,Cooking,None,None,131071
785,13:05,1524676334,173,84.3,65.1,52.8,45.05,41.55,42.7,50.1,64.95,84.3,42.7,64.95,84.1,0,T1,T6,T8,Cooking,None,None,131071
790,13:10,1524676334,174,84.45,65.4,53.05,45.2,41.7,42.85,50.3,65.25,84.45,42.85,65.25,84.3,0,T1,T6,T8,Cooking,None,None,131071
795,13:15,1524676334,175,84.6,65.7,53.3,45.35,41.7,42.95,50.55,65.55,84.6,42.95,65.55,84.4,0,T1,T6,T8,Cooking,None,None,131071
800,13:20,1524676334,176,84.75,65.95,53.55,45.55,41.95,43.1,50.8,66,84.75,43.1,66,84.6,0,T1,T6,T8,Cooking,None,None,131071
805,13:25,1524676334,177,84.9,66.25,53.85,45.75,42,43.2,50.95,66.2,84.9,43.2,66.2,84.7,0,T1,T6,T8,Cooking,None,None,131071
810,13:30,1524676334,178,85.05,66.5,54.1,45.9,42,43.3,51.1,66.35,85.05,43.3,66.35,84.9,0,T1,T6,T8,Cooking,None,None,131071
815,13:35,1524676334,179,85.2,66.75,54.35,46.1,42.3,43.55,51.5,66.95,85.2,43.55,66.95,85,0,T1,T6,T8,Cooking,None,None,131071
820,13:40,1524676334,180,85.35,67.05,54.6,46.3,42.35,43.6,51.65,67.15,85.35,43.6,67.15,85.2,0,T1,T6,T8,Cooking,None,None,131071
825,13:45,1524676334,181,85.5,67.35,54.9,46.5,42.4,43.7,51.85,67.4,85.5,43.7,67.4,85.3,0,T1,T6,T8,Cooking,None,None,131071
830,13:50,1524676334,182,85.65,67.6,55.15,46.7,42.55,43.9,52.15,67.75,85.65,43.9,67.75,85.5,0,T1,T6,T8,Cooking,None,None,131071
835,13:55,1524676334,183,85.85,67.9,55.45,46.9,42.55,43.9,52.25,67.9,85.85,43.9,67.9,85.6,0,T1,T6,T8,Cooking,None,None,131071
840,14:00,1524676334,184,85.95,68.2,55.75,47.1,42.9,44.25,52.7,68.5,85.95,44.25,68.5,85.8,0,T1,T6,T8,Cooking,None,None,131071
845,14:05,1524676334,185,86.1,68.45,56,47.35,42.9,44.3,52.85,68.7,86.1,44.3,68.7,85.9,0,T1,T6,T8,Cooking,None,None,131071
850,14:10,1524676334,186,86.2,68.75,56.3,47.55,43.05,44.5,53.1,69.05,86.2,44.5,69.05,86.1,0,T1,T6,T8,Cooking,None,None,131071
855,14:15,1524676334,187,86.3,69.05,56.6,47.75,43.2,44.65,53.3,69.3,86.3,44.65,69.3,86.2,0,T1,T6,T8,Cooking,None,None,131071
860,14:20,1524676334,188,86.45,69.35,56.9,48,43.4,44.85,53.65,69.8,86.45,44.85,69.8,86.3,0,T1,T6,T8,Cooking,None,None,131071
865,14:25,1524676334,189,86.5,69.65,57.2,48.2,43.5,44.95,53.9,69.95,86.5,44.95,69.95,86.4,0,T1,T6,T8,Cooking,None,None,131071
870,14:30,1524676334,190,86.65,69.9,57.5,48.45,43.6,45.15,54.1,70.3,86.65,45.15,70.3,86.5,0,T1,T6,T8,Cooking,None,None,131071
875,14:35,1524676334,191,86.75,70.2,57.8,48.65,43.8,45.35,54.45,70.7,86.75,45.35,70.7,86.6,0,T1,T6,T8,Cooking,None,None,131071
880,14:40,1524676334,192,86.9,70.5,58.1,48.9,43.95,45.5,54.65,71.1,86.9,45.5,71.1,86.8,0,T1,T6,T8,Cooking,None,None,131071
885,14:45,1524676334,193,87.05,70.75,58.4,49.15,44.15,45.8,55,71.4,87.05,45.8,71.4,86.9,0,T1,T6,T8,Cooking,None,None,131071
890,14:50,1524676334,194,87.25,71.05,58.7,49.4,44.25,45.9,55.15,71.55,87.25,45.9,71.55,87,0,T1,T6,T8,Cooking,None,None,131071
895,14:55,1524676334,195,87.35,71.35,59.05,49.7,44.5,46.1,55.5,71.85,87.35,46.1,71.85,87.2,0,T1,T6,T8,Cooking,None,None,131071
900,15:00,1524676334,196,87.5,71.6,59.35,49.95,44.6,46.25,55.75,72.15,87.5,46.25,72.15,87.3,0,T1,T6,T8,Cooking,None,None,131071
905,15:05,1524676334,197,87.65,71.9,59.65,50.2,44.75,46.5,56.05,72.5,87.65,46.5,72.5,87.5,0,T1,T6,T8,Cooking,None,None,131071
910,15:10,1524676334,198,87.8,72.2,60,50.45,44.95,46.75,56.3,72.75,87.8,46.75,72.75,87.6,0,T1,T6,T8,Cooking,None,None,131071
915,15:15,1524676334,199,87.95,72.45,60.3,50.75,45.3,46.95,56.6,73.25,87.95,46.95,73.25,87.8,0,T1,T6,T8,Cooking,None,None,131071
920,15:20,1524676334,200,88.05,72.75,60.65,51.05,45.4,47.15,56.9,73.5,88.05,47.15,73.5,87.9,0,T1,T6,T8,Cooking,None,None,131071
925,15:25,1524676334,201,88.2,73,60.95,51.35,45.6,47.35,57.3,73.9,88.2,47.35,73.9,88,0,T1,T6,T8,Cooking,None,None,131071
930,15:30,1524676334,202,88.35,73.3,61.3,51.65,45.8,47.55,57.55,74.05,88.35,47.55,74.05,88.2,0,T1,T6,T8,Cooking,None,None,131071
935,15:35,1524676334,203,88.45,73.6,61.6,51.9,46,47.75,57.75,74.3,88.45,47.75,74.3,88.3,0,T1,T6,T8,Cooking,None,None,131071
940,15:40,1524676334,204,88.6,73.85,61.95,52.25,46.3,48.1,58.2,74.85,88.6,48.1,74.85,88.4,0,T1,T6,T8,Cooking,None,None,131071
945,15:45,1524676334,205,88.75,74.15,62.25,52.55,46.45,48.35,58.55,75.15,88.75,48.35,75.15,88.6,0,T1,T6,T8,Cooking,None,None,131071
950,15:50,1524676334,206,88.85,74.4,62.6,52.85,46.6,48.55,58.7,75.25,88.85,48.55,75.25,88.7,0,T1,T6,T8,Cooking,None,None,131071
955,15:55,1524676334,207,89,74.7,62.95,53.15,46.9,48.9,59.15,75.7,89,48.9,75.7,88.8,0,T1,T6,T8,Cooking,None,None,131071
960,16:00,1524676334,208,89.1,75,63.3,53.5,47.15,49.05,59.4,75.85,89.1,49.05,75.85,88.9,0,T1,T6,T8,Cooking,None,None,131071
965,16:05,1524676334,209,89.2,75.25,63.65,53.8,47.45,49.45,59.85,76.35,89.2,49.45,76.35,89.1,0,T1,T6,T8,Cooking,None,None,131071
970,16:10,1524676334,210,89.3,75.5,63.95,54.15,47.6,49.7,60.15,76.5,89.3,49.7,76.5,89.2,0,T1,T6,T8,Cooking,None,None,131071
975,16:15,1524676334,211,89.4,75.8,64.3,54.45,47.95,49.95,60.5,76.8,89.4,49.95,76.8,89.3,0,T1,T6,T8,Cooking,None,None,131071
980,16:20,1524676334,212,89.55,76,64.65,54.85,48.15,50.2,60.75,77,89.55,50.2,77,89.4,0,T1,T6,T8,Cooking,None,None,131071
985,16:25,1524676334,213,89.6,76.3,65,55.2,48.5,50.55,61.2,77.45,89.6,50.55,77.45,89.5,0,T1,T6,T8,Cooking,None,None,131071
990,16:30,1524676334,214,89.7,76.55,65.35,55.55,48.85,50.9,61.55,77.7,89.7,50.9,77.7,89.6,0,T1,T6,T8,Cooking,None,None,131071
995,16:35,1524676334,215,89.8,76.8,65.7,55.9,48.95,51.05,61.75,77.95,89.8,51.05,77.95,89.7,0,T1,T6,T8,Cooking,None,None,131071
1000,16:40,1524676334,216,89.9,77.05,66.05,56.25,49.35,51.45,62.15,78.3,89.9,51.45,78.3,89.8,0,T1,T6,T8,Cooking,None,None,131071
1005,16:45,1524676334,217,90,77.3,66.35,56.65,49.65,51.85,62.7,78.6,90,51.85,78.6,89.9,0,T1,T6,T8,Cooking,None,None,131071
1010,16:50,1524676334,218,90.1,77.6,66.75,57.05,50,52.15,63,78.9,90.1,52.15,78.9,90,0,T1,T6,T8,Cooking,None,None,131071
1015,16:55,1524676334,219,90.2,77.85,67.1,57.4,50.25,52.5,63.4,79.25,90.2,52.5,79.25,90.1,0,T1,T6,T8,Cooking,None,None,131071
1020,17:00,1524676334,220,90.35,78.1,67.5,57.8,50.55,52.85,63.65,79.45,90.35,52.85,79.45,90.2,0,T1,T6,T8,Cooking,None,None,131071
1025,17:05,1524676334,221,90.45,78.35,67.85,58.25,50.95,53.15,64.1,79.75,90.45,53.15,79.75,90.3,0,T1,T6,T8,Cooking,None,None,131071
1030,17:10,1524676334,222,90.6,78.65,68.2,58.65,51.3,53.6,64.6,80.15,90.6,53.6,80.15,90.4,0,T1,T6,T8,Cooking,None,None,131071
1035,17:15,1524676334,223,90.7,78.95,68.6,59.05,51.8,54.1,65.15,80.55,90.7,54.1,80.55,90.5,0,T1,T6,T8,Cooking,None,None,131071
1040,17:20,1524676334,224,90.8,79.15,69,59.5,52,54.35,65.35,80.7,90.8,54.35,80.7,90.7,0,T1,T6,T8,Cooking,None,None,131071
1045,17:25,1524676334,225,90.95,79.45,69.35,59.9,52.5,54.8,65.85,81.1,90.95,54.8,81.1,90.8,0,T1,T6,T8,Cooking,None,None,131071
1050,17:30,1524676334,226,91.05,79.7,69.75,60.35,52.9,55.2,66.25,81.35,91.05,55.2,81.35,90.9,0,T1,T6,T8,Cooking,None,None,131071
1055,17:35,1524676334,227,91.15,80,70.15,60.85,53.3,55.7,66.7,81.7,91.15,55.7,81.7,91,0,T1,T6,T8,Cooking,None,None,131071
1060,17:40,1524676334,228,91.15,80.2,70.55,61.3,53.75,56.1,67.15,81.95,91.15,56.1,81.95,91.1,0,T1,T6,T8,Cooking,None,None,131071
1065,17:45,1524676334,229,91.2,80.45,70.95,61.75,54.2,56.6,67.55,82.25,91.2,56.6,82.25,91.1,0,T1,T6,T8,Cooking,None,None,131071
1070,17:50,1524676334,230,91.3,80.7,71.35,62.25,54.65,57.1,68,82.6,91.3,57.1,82.6,91.2,0,T1,T6,T8,Cooking,None,None,131071
1075,17:55,1524676334,231,91.4,80.95,71.75,62.75,55.1,57.55,68.5,82.85,91.4,57.55,82.85,91.3,0,T1,T6,T8,Cooking,None,None,131071
1080,18:00,1524676334,232,91.5,81.2,72.15,63.25,55.65,58.1,68.95,83.1,91.5,58.1,83.1,91.4,0,T1,T6,T8,Cooking,None,None,131071
1085,18:05,1524676334,233,91.65,81.45,72.5,63.8,56.15,58.6,69.4,83.4,91.65,58.6,83.4,91.5,0,T1,T6,T8,Cooking,None,None,131071
1090,18:10,1524676334,234,91.8,81.75,72.95,64.25,56.65,59.15,69.85,83.7,91.8,59.15,83.7,91.6,0,T1,T6,T8,Cooking,None,None,131071
1095,18:15,1524676334,235,91.9,82,73.35,64.8,57.05,59.55,70.2,83.8,91.9,59.55,83.8,91.8,0,T1,T6,T8,Cooking,None,None,131071
1100,18:20,1524676334,236,92.05,82.25,73.8,65.35,57.75,60.2,70.8,84.25,92.05,60.2,84.25,91.9,0,T1,T6,T8,Cooking,None,None,131071
1105,18:25,1524676334,237,92.15,82.5,74.2,65.9,58.35,60.85,71.3,84.55,92.15,60.85,84.55,92,0,T1,T6,T8,Cooking,None,None,131071
1110,18:30,1524676334,238,92.25,82.75,74.6,66.45,58.85,61.35,71.75,84.75,92.25,61.35,84.75,92.1,0,T1,T6,T8,Cooking,None,None,131071
1115,18:35,1524676334,239,92.35,83.05,75.05,67,59.5,61.95,72.2,85,92.35,61.95,85,92.2,0,T1,T6,T8,Cooking,None,None,131071
1120,18:40,1524676334,240,92.45,83.3,75.45,67.55,60.05,62.5,72.7,85.25,92.45,62.5,85.25,92.3,0,T1,T6,T8,Cooking,None,None,131071
1125,18:45,1524676334,241,92.55,83.55,75.85,68.1,60.75,63.25,73.2,85.5,92.55,63.25,85.5,92.4,0,T1,T6,T8,Cooking,None,None,131071
1130,18:50,1524676334,242,92.65,83.8,76.25,68.65,61.4,63.85,73.7,85.75,92.65,63.85,85.75,92.5,0,T1,T6,T8,Cooking,None,None,131071
1135,18:55,1524676334,243,92.8,84.05,76.7,69.25,62.05,64.5,74.25,85.95,92.8,64.5,85.95,92.7,0,T1,T6,T8,Cooking,None,None,131071
1140,19:00,1524676334,244,92.95,84.3,77.1,69.8,62.8,65.3,74.95,86.35,92.95,65.3,86.35,92.8,0,T1,T6,T8,Cooking,None,None,131071
1145,19:05,1524676334,245,93.05,84.6,77.55,70.4,63.4,65.85,75.3,86.5,93.05,65.85,86.5,92.9,0,T1,T6,T8,Cooking,None,None,131071
1150,19:10,1524676334,246,93.15,84.8,77.95,71,64.1,66.55,75.8,86.7,93.15,66.55,86.7,93,0,T1,T6,T8,Cooking,None,None,131071
1155,19:15,1524676334,247,93.25,85.1,78.35,71.6,64.8,67.15,76.25,87,93.25,67.15,87,93.1,0,T1,T6,T8,Cooking,None,None,131071
1160,19:20,1524676334,248,93.35,85.35,78.8,72.2,65.35,67.75,76.45,87.05,93.35,67.75,87.05,93.2,0,T1,T6,T8,Cooking,None,None,131071
1165,19:25,1524676334,249,93.45,85.6,79.25,72.8,66.2,68.6,77,87.4,93.45,68.6,87.4,93.3,0,T1,T6,T8,Cooking,None,None,131071
1170,19:30,1524676334,250,93.55,85.85,79.65,73.45,66.95,69.25,77.55,87.65,93.55,69.25,87.65,93.4,0,T1,T6,T8,Cooking,None,None,131071
1175,19:35,1524676334,251,93.65,86.1,80.05,74.05,67.7,70.05,78,87.9,93.65,70.05,87.9,93.5,0,T1,T6,T8,Cooking,None,None,131071
1180,19:40,1524676334,252,93.8,86.35,80.5,74.65,68.5,70.75,78.5,88.1,93.8,70.75,88.1,93.6,0,T1,T6,T8,Cooking,None,None,131071
1185,19:45,1524676334,253,93.85,86.65,80.9,75.3,69.25,71.45,78.95,88.3,93.85,71.45,88.3,93.7,0,T1,T6,T8,Cooking,None,None,131071
1190,19:50,1524676334,254,94,86.9,81.35,75.95,70.05,72.25,79.5,88.55,94,72.25,88.55,93.9,0,T1,T6,T8,Cooking,None,None,131071
1195,19:55,1524676334,255,94.1,87.15,81.75,76.55,70.8,72.95,80,88.8,94.1,72.95,88.8,94,0,T1,T6,T8,Cooking,None,None,131071
1200,20:00,1524676334,256,94.2,87.4,82.2,77.2,71.65,73.65,80.45,89.05,94.2,73.65,89.05,94.1,0,T1,T6,T8,Cooking,None,None,131071
1205,20:05,1524676334,257,94.3,87.65,82.6,77.85,72.4,74.45,80.9,89.2,94.3,74.45,89.2,94.2,0,T1,T6,T8,Cooking,None,None,131071
1210,20:10,1524676334,258,94.4,87.9,83.05,78.45,73.25,75.2,81.45,89.45,94.4,75.2,89.45,94.3,0,T1,T6,T8,Cooking,None,None,131071
1215,20:15,1524676334,259,94.5,88.15,83.45,79.05,74.15,75.95,81.85,89.65,94.5,75.95,89.65,94.4,0,T1,T6,T8,Cooking,None,None,131071
1220,20:20,1524676334,260,94.65,88.35,83.85,79.7,74.7,76.35,82.15,89.7,94.65,76.35,89.7,94.5,0,T1,T6,T8,Cooking,None,None,131071
1225,20:25,1524676334,261,94.75,88.65,84.25,80.3,75.9,77.3,82.9,90.2,94.75,77.3,90.2,94.6,0,T1,T6,T8,Cooking,None,None,131071
1230,20:30,1524676334,262,94.85,88.85,84.7,80.9,76.55,77.9,83.25,90.3,94.85,77.9,90.3,94.7,0,T1,T6,T8,Cooking,None,None,131071
1235,20:35,1524676334,263,94.95,89.1,85.05,81.45,77.25,78.7,83.75,90.5,94.95,78.7,90.5,94.8,0,T1,T6,T8,Cooking,None,None,131071
1240,20:40,1524676334,264,95.05,89.35,85.5,82.05,78,79.35,84.2,90.7,95.05,79.35,90.7,94.9,0,T1,T6,T8,Cooking,None,None,131071
1245,20:45,1524676334,265,95.2,89.6,85.85,82.6,78.85,80.1,84.75,91.05,95.2,80.1,91.05,95,0,T1,T6,T8,Cooking,None,None,131071
1250,20:50,1524676334,266,95.25,89.85,86.25,83.15,79.45,80.7,85,91.05,95.25,80.7,91.05,95.1,0,T1,T6,T8,Cooking,None,None,131071
1255,20:55,1524676334,267,95.35,90.1,86.6,83.7,80.2,81.4,85.45,91.25,95.35,81.4,91.25,95.2,0,T1,T6,T8,Cooking,None,None,131071
1260,21:00,1524676334,268,95.45,90.3,87,84.2,81,82.1,86,91.65,95.45,82.1,91.65,95.3,0,T1,T6,T8,Cooking,None,None,131071
1265,21:05,1524676334,269,95.6,90.5,87.35,84.7,81.6,82.75,86.45,91.85,95.6,82.75,91.85,95.4,0,T1,T6,T8,Cooking,None,None,131071
1270,21:10,1524676334,270,95.65,90.75,87.7,85.25,82.3,83.25,86.85,92.05,95.65,83.25,92.05,95.5,0,T1,T6,T8,Cooking,None,None,131071
1275,21:15,1524676334,271,95.75,91,88.05,85.7,82.95,83.85,87.2,92.25,95.75,83.85,92.25,95.6,0,T1,T6,T8,Cooking,None,None,131071
1280,21:20,1524676334,272,95.85,91.15,88.4,86.15,83.45,84.3,87.45,92.3,95.85,84.3,92.3,95.7,0,T1,T6,T8,Cooking,None,None,131071
1285,21:25,1524676334,273,95.95,91.4,88.7,86.6,83.9,84.65,87.6,92.35,95.95,84.65,92.35,95.8,0,T1,T6,T8,Cooking,None,None,131071
1290,21:30,1524676334,274,96.05,91.6,89.05,87.05,84.65,85.5,88.35,92.85,96.05,85.5,92.85,95.9,0,T1,T6,T8,Cooking,None,None,131071
1295,21:35,1524676334,275,96.15,91.8,89.4,87.5,85.1,85.85,88.45,92.85,96.15,85.85,92.85,96,0,T1,T6,T8,Cooking,None,None,131071
1300,21:40,1524676334,276,96.25,92,89.7,87.9,85.75,86.45,89.05,93.2,96.25,86.45,93.2,96.1,0,T1,T6,T8,Cooking,None,None,131071
1305,21:45,1524676334,277,96.35,92.2,90,88.3,86.1,86.8,89.2,93.2,96.35,86.8,93.2,96.2,0,T1,T6,T8,Cooking,None,None,131071
1310,21:50,1524676334,278,96.4,92.4,90.25,88.7,86.6,87.25,89.5,93.35,96.4,87.25,93.35,96.3,0,T1,T6,T8,Cooking,None,None,131071
1315,21:55,1524676334,279,96.55,92.6,90.55,89.05,87.1,87.7,89.9,93.5,96.55,87.7,93.5,96.4,0,T1,T6,T8,Cooking,None,None,131071
1320,22:00,1524676334,280,96.65,92.8,90.8,89.4,87.6,88.2,90.2,93.7,96.65,88.2,93.7,96.5,0,T1,T6,T8,Cooking,None,None,131071
1325,22:05,1524676334,281,96.7,92.95,91.1,89.75,88.15,88.65,90.65,94.1,96.7,88.65,94.1,96.6,0,T1,T6,T8,Cooking,None,None,131071
1330,22:10,1524676334,282,96.8,93.15,91.35,90.1,88.55,89,90.9,94.25,96.8,89,94.25,96.7,0,T1,T6,T8,Cooking,None,None,131071
1335,22:15,1524676334,283,96.9,93.35,91.6,90.4,88.9,89.4,91.2,94.4,96.9,89.4,94.4,96.8,0,T1,T6,T8,Cooking,None,None,131071
1340,22:20,1524676334,284,97,93.5,91.85,90.7,89.15,89.6,91.3,94.35,97,89.6,94.35,96.9,0,T1,T6,T8,Cooking,None,None,131071
1345,22:25,1524676334,285,97.05,93.65,92.1,91,89.5,89.95,91.55,94.5,97.05,89.95,94.5,97,0,T1,T6,T8,Cooking,None,None,131071
1350,22:30,1524676334,286,97.15,93.85,92.3,91.3,89.85,90.3,91.75,94.65,97.15,90.3,94.65,97.1,0,T1,T6,T8,Cooking,None,None,131071
1355,22:35,1524676334,287,97.25,94,92.5,91.55,90.3,90.75,92.15,95.05,97.25,90.75,95.05,97.1,0,T1,T6,T8,Cooking,None,None,131071
1360,22:40,1524676334,288,97.35,94.15,92.75,91.8,90.45,90.85,92.2,94.95,97.35,90.85,94.95,97.2,0,T1,T6,T8,Cooking,None,None,131071
1365,22:45,1524676334,289,97.4,94.3,92.95,92.1,90.8,91.05,92.45,95.1,97.4,91.05,95.1,97.3,0,T1,T6,T8,Cooking,None,None,131071
1370,22:50,1524676334,290,97.5,94.45,93.15,92.3,91.1,91.4,92.7,95.2,97.5,91.4,95.2,97.4,0,T1,T6,T8,Cooking,None,None,131071
1375,22:55,1524676334,291,97.6,94.6,93.35,92.55,91.55,91.9,93.1,95.5,97.6,91.9,95.5,97.5,0,T1,T6,T8,Cooking,None,None,131071
1380,23:00,1524676334,292,97.65,94.75,93.5,92.8,91.85,92.15,93.3,95.65,97.65,92.15,95.65,97.5,0,T1,T6,T8,Cooking,None,None,131071
1385,23:05,1524676334,293,97.7,94.85,93.7,93,92.05,92.4,93.5,95.75,97.7,92.4,95.75,97.6,0,T1,T6,T8,Cooking,None,None,131071
1390,23:10,1524676334,294,97.8,95,93.9,93.2,92.15,92.45,93.55,95.75,97.8,92.45,95.75,97.7,0,T1,T6,T8,Cooking,None,None,131071
1395,23:15,1524676334,295,97.85,95.1,94.05,93.4,92.4,92.65,93.65,95.9,97.85,92.65,95.9,97.8,0,T1,T6,T8,Cooking,None,None,131071
1400,23:20,1524676334,296,97.95,95.25,94.2,93.55,92.8,93.1,94,96.25,97.95,93.1,96.25,97.8,0,T1,T6,T8,Cooking,None,None,131071
1405,23:25,1524676334,297,98.05,95.35,94.35,93.75,92.85,93.05,94,96,98.05,93.05,96,97.9,0,T1,T6,T8,Cooking,None,None,131071
1410,23:30,1524676334,298,98.1,95.5,94.5,93.95,93,93.3,94.2,96.3,98.1,93.3,96.3,98,0,T1,T6,T8,Cooking,None,None,131071
1415,23:35,1524676334,299,98.2,95.6,94.65,94.1,93.15,93.5,94.35,96.35,98.2,93.5,96.35,98.1,0,T1,T6,T8,Cooking,None,None,131071
1420,23:40,1524676334,300,98.25,95.7,94.75,94.3,93.35,93.65,94.45,96.45,98.25,93.65,96.45,98.1,0,T1,T6,T8,Cooking,None,None,131071
1425,23:45,1524676334,301,98.3,95.8,94.95,94.45,93.85,94.05,94.85,96.8,98.3,94.05,96.8,98.2,0,T1,T6,T8,Cooking,None,None,131071
1430,23:50,1524676334,302,98.4,95.95,95.05,94.6,93.85,94.15,95.05,96.9,98.4,94.15,96.9,98.3,0,T1,T6,T8,Cooking,None,None,131071
1435,23:55,1524676334,303,98.45,96,95.2,94.7,94.1,94.35,95.15,96.95,98.45,94.35,96.95,98.4,0,T1,T6,T8,Cooking,None,None,131071
1440,24:00,1524676334,304,98.5,96.1,95.3,94.85,94.05,94.35,95.1,96.9,98.5,94.35,96.9,98.4,0,T1,T6,T8,Cooking,None,None,131071
1445,24:05,1524676334,305,98.6,96.2,95.4,95,94.15,94.45,95.2,96.95,98.6,94.45,96.95,98.5,0,T1,T6,T8,Cooking,None,None,131071
1450,24:10,1524676334,306,98.65,96.35,95.55,95.15,94.55,94.85,95.5,97.3,98.65,94.85,97.3,98.6,0,T1,T6,T8,Cooking,None,None,131071
1455,24:15,1524676334,307,98.75,96.35,95.65,95.25,94.65,94.95,95.65,97.25,98.75,94.95,97.25,98.6,0,T1,T6,T8,Cooking,None,None,131071
1460,24:20,1524676334,308,98.8,96.45,95.75,95.4,94.8,95.05,95.8,97.4,94.8,95.05,97.4,96.7,0,T5,T6,T8,Cooking,None,None,131071
1465,24:25,1524676334,309,98.85,96.55,95.85,95.45,94.95,95.2,95.9,97.45,94.95,95.2,97.45,95.8,0,T5,T6,T8,Cooking,None,None,131071
1470,24:30,1524676334,310,98.95,96.65,95.95,95.55,94.85,95.05,95.8,97.3,94.85,95.05,97.3,95.3,0,T5,T6,T8,Cooking,None,None,131071
1475,24:35,1524676334,311,98.95,96.75,96,95.65,95,95.2,95.85,97.4,95,95.2,97.4,95.1,0,T5,T6,T8,Cooking,None,None,131071
1480,24:40,1524676334,312,99.05,96.8,96.1,95.75,95,95.3,96,97.5,95,95.3,97.5,95.1,0,T5,T6,T8,Cooking,None,None,131071
1485,24:45,1524676334,313,99.1,96.85,96.2,95.85,95.2,95.4,96.05,97.55,95.2,95.4,97.55,95.1,0,T5,T6,T8,Cooking,None,None,131071
1490,24:50,1524676334,314,99.15,96.95,96.3,95.95,95.25,95.5,96.15,97.6,95.25,95.5,97.6,95.2,0,T5,T6,T8,Cooking,None,None,131071
1495,24:55,1524676334,315,99.2,97,96.35,96.05,95.55,95.8,96.45,97.95,95.55,95.8,97.95,95.3,0,T5,T6,T8,Cooking,None,None,131071
1500,25:00,1524676334,316,99.25,97.05,96.45,96.1,95.45,95.75,96.3,97.75,95.45,95.75,97.75,95.4,0,T5,T6,T8,Cooking,None,None,131071
1505,25:05,1524676334,317,99.3,97.1,96.5,96.2,95.5,95.8,96.3,97.85,95.5,95.8,97.85,95.4,0,T5,T6,T8,Cooking,None,None,131071
1510,25:10,1524676334,318,99.35,97.2,96.55,96.25,95.4,95.7,96.25,97.55,95.4,95.7,97.55,95.4,0,T5,T6,T8,Cooking,None,None,131071
1515,25:15,1524676334,319,99.4,97.2,96.65,96.35,95.7,96,96.5,97.95,95.7,96,97.95,95.5,0,T5,T6,T8,Cooking,None,None,131071
1520,25:20,1524676334,320,99.5,97.3,96.7,96.4,95.85,96.05,96.55,98,95.85,96.05,98,95.7,0,T5,T6,T8,Cooking,None,None,131071
1525,25:25,1524676334,321,99.55,97.35,96.8,96.5,96.1,96.4,96.85,98.25,96.1,96.4,98.25,95.9,0,T5,T6,T8,Cooking,None,None,131071
1530,25:30,1524676334,322,99.6,97.4,96.85,96.55,96.15,96.4,96.95,98.3,96.15,96.4,98.3,96,0,T5,T6,T8,Cooking,None,None,131071
1535,25:35,1524676334,323,99.65,97.45,96.9,96.6,96.1,96.25,96.8,98.15,96.1,96.25,98.15,96,0,T5,T6,T8,Cooking,None,None,131071
1540,25:40,1524676334,324,99.7,97.5,96.95,96.7,96.15,96.35,96.85,98.2,96.15,96.35,98.2,96.1,0,T5,T6,T8,Cooking,None,None,131071
1545,25:45,1524676334,325,99.75,97.5,97,96.75,96.35,96.6,97.15,98.4,96.35,96.6,98.4,96.2,0,T5,T6,T8,Cooking,None,None,131071
1550,25:50,1524676334,326,99.8,97.6,97.05,96.8,96.2,96.45,97,98.3,96.2,96.45,98.3,96.2,0,T5,T6,T8,Cooking,None,None,131071
1555,25:55,1524676334,327,99.85,97.6,97.1,96.85,96.45,96.7,97.25,98.6,96.45,96.7,98.6,96.3,0,T5,T6,T8,Cooking,None,None,131071
1560,26:00,1524676334,328,99.85,97.65,97.15,96.9,96.35,96.6,97.05,98.4,96.35,96.6,98.4,96.3,0,T5,T6,T8,Cooking,None,None,131071
1565,26:05,1524676334,329,99.9,97.7,97.2,96.95,96.35,96.6,97,98.4,96.35,96.6,98.4,96.3,0,T5,T6,T8,Cooking,None,None,131071
1570,26:10,1524676334,330,99.95,97.75,97.25,97,96.4,96.7,97.1,98.5,96.4,96.7,98.5,96.4,0,T5,T6,T8,Cooking,None,None,131071
1575,26:15,1524676334,331,100,97.8,97.25,97.05,96.75,96.85,97.35,98.7,96.75,96.85,98.7,96.5,0,T5,T6,T8,Cooking,None,None,131071
1580,26:20,1524676334,332,100.05,97.8,97.35,97.05,96.85,97.05,97.5,98.75,96.85,97.05,98.75,96.7,0,T5,T6,T8,Cooking,None,None,131071
1585,26:25,1524676334,333,100.05,97.85,97.35,97.1,96.6,96.85,97.3,98.55,96.6,96.85,98.55,96.6,0,T5,T6,T8,Cooking,None,None,131071
1590,26:30,1524676334,334,100.1,97.85,97.4,97.15,96.8,97,97.55,98.9,96.8,97,98.9,96.7,0,T5,T6,T8,Cooking,None,None,131071
1595,26:35,1524676334,335,100.15,97.9,97.4,97.2,96.65,96.9,97.35,98.65,96.65,96.9,98.65,96.7,0,T5,T6,T8,Cooking,None,None,131071
1600,26:40,1524676334,336,100.2,97.95,97.45,97.25,96.75,96.95,97.4,98.6,96.75,96.95,98.6,96.7,0,T5,T6,T8,Cooking,None,None,131071
1605,26:45,1524676334,337,100.2,97.95,97.5,97.25,96.95,97.15,97.6,98.95,96.95,97.15,98.95,96.8,0,T5,T6,T8,Cooking,None,None,131071
1610,26:50,1524676334,338,100.25,98,97.55,97.35,96.8,97,97.45,98.65,96.8,97,98.65,96.8,0,T5,T6,T8,Cooking,None,None,131071
1615,26:55,1524676334,339,100.25,98.05,97.6,97.35,97.05,97.25,97.75,98.95,97.05,97.25,98.95,96.9,0,T5,T6,T8,Cooking,None,None,131071
1620,27:00,1524676334,340,100.3,98.05,97.6,97.35,96.85,97.05,97.5,98.75,96.85,97.05,98.75,96.9,0,T5,T6,T8,Cooking,None,None,131071
1625,27:05,1524676334,341,100.3,98.05,97.65,97.4,97.15,97.4,97.8,99.1,97.15,97.4,99.1,97,0,T5,T6,T8,Cooking,None,None,131071
1630,27:10,1524676334,342,100.35,98.1,97.65,97.45,97.1,97.35,97.8,99.1,97.1,97.35,99.1,97,0,T5,T6,T8,Cooking,None,None,131071
1635,27:15,1524676334,343,100.35,98.15,97.7,97.5,96.95,97.15,97.65,98.85,96.95,97.15,98.85,97,0,T5,T6,T8,Cooking,None,None,131071
1640,27:20,1524676334,344,100.35,98.1,97.7,97.5,97.25,97.5,97.9,99.05,97.25,97.5,99.05,97.1,0,T5,T6,T8,Cooking,None,None,131071
1645,27:25,1524676334,345,100.3,98.15,97.75,97.55,97,97.25,97.65,98.9,97,97.25,98.9,97,0,T5,T6,T8,Cooking,None,None,131071
1650,27:30,1524676334,346,100.35,98.2,97.75,97.55,97.3,97.5,97.95,99.2,97.3,97.5,99.2,97.2,0,T5,T6,T8,Cooking,None,None,131071
1655,27:35,1524676334,347,100.3,98.2,97.8,97.55,97.05,97.3,97.75,98.9,97.05,97.3,98.9,97.1,0,T5,T6,T8,Cooking,None,None,131071
1660,27:40,1524676334,348,100.3,98.2,97.8,97.6,97.35,97.55,98.05,99.2,100.3,97.55,99.2,98.7,0,T1,T6,T8,Cooking,None,None,131071
1665,27:45,1524676334,349,100.3,98.25,97.8,97.6,97.15,97.3,97.85,99.05,100.3,97.3,99.05,99.5,0,T1,T6,T8,Cooking,None,None,131071
1670,27:50,1524676334,350,100.25,98.25,97.85,97.65,97.35,97.6,98.05,99.35,100.25,97.6,99.35,99.9,0,T1,T6,T8,Cooking,None,None,131071
1675,27:55,1524676334,351,100.25,98.25,97.85,97.65,97.15,97.4,97.85,99.05,100.25,97.4,99.05,100,0,T1,T6,T8,Cooking,None,None,131071
1680,28:00,1524676334,352,100.25,98.3,97.9,97.7,97.4,97.65,98.1,99.25,100.25,97.65,99.25,100.1,0,T1,T6,T8,Cooking,None,None,131071
1685,28:05,1524676334,353,100.25,98.3,97.9,97.7,97.45,97.7,98.15,99.35,100.25,97.7,99.35,100.2,0,T1,T6,T8,Cooking,None,None,131071
1690,28:10,1524676334,354,100.2,98.3,97.9,97.75,97.45,97.7,98.1,99.35,100.2,97.7,99.35,100.2,0,T1,T6,T8,Cooking,None,None,131071
1695,28:15,1524676334,355,100.15,98.3,97.95,97.75,97.25,97.45,97.9,99.05,100.15,97.45,99.05,100.2,0,T1,T6,T8,Cooking,None,None,131071
1700,28:20,1524676334,356,100.1,98.3,97.95,97.75,97.55,97.75,98.15,99.4,100.1,97.75,99.4,100.1,0,T1,T6,T8,Cooking,None,None,131071
1705,28:25,1524676334,357,100.1,98.35,97.95,97.8,97.5,97.75,98.2,99.35,100.1,97.75,99.35,100.1,0,T1,T6,T8,Cooking,None,None,131071
1710,28:30,1524676334,358,99.6,98.35,98,97.8,97.5,97.65,98.15,99.3,99.6,97.65,99.3,99.8,0,T1,T6,T8,Cooking,None,None,131071
1715,28:35,1524676334,359,97.6,97.8,97.7,97.55,97.55,97.75,98.2,99,97.6,97.75,99,98.7,0,T1,T6,T8,Cooking,None,None,131071
1720,28:40,1524676334,360,96.3,97.25,97.3,97.3,97.25,97.65,98,98.1,96.3,97.65,98.1,97.5,0,T1,T6,T8,Cooking,None,None,131071
1725,28:45,1524676334,361,95.6,96.85,97.1,97.1,97.2,97.5,97.8,97.1,95.6,97.5,97.1,96.5,0,T1,T6,T8,Cooking,None,None,131071
1730,28:50,1524676334,362,95.2,96.65,96.95,97,97.1,97.4,97.45,96.35,95.2,97.4,96.35,95.8,0,T1,T6,T8,Cooking,None,None,131071
1735,28:55,1524676334,363,94.75,96.4,96.75,96.9,97.05,97.3,97.1,95.7,94.75,97.3,95.7,95.3,0,T1,T6,T8,Cooking,None,None,131071
1740,29:00,1524676334,364,94.3,96.2,96.65,96.85,96.65,96.95,96.6,95.05,94.3,96.95,95.05,94.8,0,T1,T6,T8,Cooking,None,None,131071
1745,29:05,1524676334,365,93.7,96,96.5,96.75,96.65,96.75,96.35,94.7,93.7,96.75,94.7,94.2,0,T1,T6,T8,Cooking,None,None,131071
1750,29:10,1524676334,366,93.2,95.8,96.4,96.7,96.55,96.65,96.05,94.4,93.2,96.65,94.4,93.7,0,T1,T6,T8,Cooking,None,None,131071
1755,29:15,1524676334,367,76.05,76.35,76.7,73.4,89.45,91.8,92,91.85,76.05,91.8,91.85,84.9,0,T1,T6,T8,Cooking,None,None,131071
1760,29:20,1524676334,368,69.25,64.95,63.95,60.9,76.7,80.25,82.1,85.1,69.25,80.25,85.1,77,0,T1,T6,T8,Cooking,None,None,131071
1765,29:25,1524676334,369,65.45,60.35,58.55,55.9,66.75,70.4,73.05,78.8,65.45,70.4,78.8,71.2,0,T1,T6,T8,Cooking,None,None,131071
1770,29:30,1524676334,370,61.25,56.15,53.85,51.05,59.4,62.75,66,73.7,61.25,62.75,73.7,66.2,0,T1,T6,T8,Cooking,None,None,131071
1775,29:35,1524676334,371,57.5,52.65,50.05,47,53.25,56.4,60.1,69.3,57.5,56.4,69.3,61.9,0,T1,T6,T8,Cooking,None,None,131071
1780,29:40,1524676334,372,53.75,49.4,46.65,43.8,48.1,51.1,55.45,65.65,53.75,51.1,65.65,57.8,0,T1,T6,T8,Cooking,None,None,131071
1785,29:45,1524676334,373,51.9,48.15,45,42.1,44.7,47.25,51.9,62.85,51.9,47.25,62.85,54.8,0,T1,T6,T8,Cooking,None,None,131071
1790,29:50,1524676334,374,50,46.8,43.6,40.75,42.15,44.3,49.35,60.4,50,44.3,60.4,52.4,0,T1,T6,T8,Cooking,None,None,131071
1795,29:55,,,,,,,,,,,,,,,,,,,,,,
1800,30:00,,,,,,,,,,,,,,,,,,,,,,
1805,30:05,,,,,,,,,,,,,,,,,,,,,,
1810,30:10,,,,,,,,,,,,,,,,,,,,,,
1815,30:15,,,,,,,,,,,,,,,,,,,,,,
1820,30:20,,,,,,,,,,,,,,,,,,,,,,
1825,30:25,,,,,,,,,,,,,,,,,,,,,,
1830,30:30,,,,,,,,,,,,,,,,,,,,,,
1835,30:35,,,,,,,,,,,,,,,,,,,,,,
1840,30:40,,,,,,,,,,,,,,,,,,,,,,
1845,30:45,,,,,,,,,,,,,,,,,,,,,,
1850,30:50,,,,,,,,,,,,,,,,,,,,,,
1855,30:55,,,,,,,,,,,,,,,,,,,,,,
1860,31:00,,,,,,,,,,,,,,,,,,,,,,
1865,31:05,,,,,,,,,,,,,,,,,,,,,,
1870,31:10,,,,,,,,,,,,,,,,,,,,,,
